Date,Time,O3,SO2,NO2,NO,NOx,CO,PM25_TEOM,PM25
5/31/2018,24:00 AM,35,0,0.2,0.2,0.4,0.091,,2
6/1/2018,1:00 AM,35.1,0,0.2,0.2,0.4,0.115,,4
6/1/2018,2:00 AM,34.9,0,0,0.2,0.3,0.119,,4
6/1/2018,3:00 AM,34.3,0,0.2,0,0.3,0.122,,5
6/1/2018,4:00 AM,33.9,0,0.6,0.2,0.8,0.124,,5
6/1/2018,5:00 AM,30.7,0,1.6,0.5,2.2,0.133,,3
6/1/2018,6:00 AM,27.4,0,2.8,0.6,3.4,0.166,,2
6/1/2018,7:00 AM,18.1,0.1,5.9,2.5,8.4,0.209,,5
6/1/2018,8:00 AM,24,0.1,4,2.2,6.3,0.203,,3
6/1/2018,9:00 AM,30.4,0,1.4,0.6,2,0.158,,6
6/1/2018,10:00 AM,30.8,0,1.2,0.5,1.8,0.148,,5
6/1/2018,11:00 AM,34.1,0,0.6,0.7,1.3,0.144,,2
6/1/2018,12:00 PM,35.8,0,0.3,0.4,0.8,0.143,,6
6/1/2018,1:00 PM,33.7,0,1,0.7,1.8,0.14,,9
6/1/2018,2:00 PM,35.5,0,0.7,0.5,1.3,0.129,,8
6/1/2018,3:00 PM,35.5,0,0.7,0.4,1.2,0.13,,7
6/1/2018,4:00 PM,34,0,1.3,0.4,1.7,0.143,,5
6/1/2018,5:00 PM,35.2,0,0.8,0.3,1.2,0.133,,5
6/1/2018,6:00 PM,,,,,,,,4
6/1/2018,7:00 PM,36.4,0,1.1,0.1,1.3,0.136,,5
6/1/2018,8:00 PM,26.6,0,3,0.4,3.4,0.211,,6
6/1/2018,9:00 PM,21.6,0,3.6,0.2,3.9,0.211,,7
6/1/2018,10:00 PM,18,0,3.4,0.1,3.6,0.21,,6
6/1/2018,11:00 PM,19,0,2.7,0.5,3.2,0.204,,8
6/1/2018,24:00 AM,23.6,0,1.9,0.3,2.3,0.165,,9
6/2/2018,1:00 AM,28.2,0,1,0.1,1.2,0.159,,8
6/2/2018,2:00 AM,25.2,0,1.1,0.2,1.4,0.167,,7
6/2/2018,3:00 AM,24.2,0,1.2,0,1.2,0.168,,6
6/2/2018,4:00 AM,23.4,0,1.3,0,1.4,0.167,,4
6/2/2018,5:00 AM,17.5,0,1.8,0,1.9,0.169,,5
6/2/2018,6:00 AM,16,0,2.1,0.4,2.5,0.194,,7
6/2/2018,7:00 AM,14,0,3.4,1.4,4.8,0.213,,7
6/2/2018,8:00 AM,21.2,0.1,2.3,0.9,3.3,0.199,,10
6/2/2018,9:00 AM,22.5,0.1,1.6,1.1,2.8,0.186,,7
6/2/2018,10:00 AM,20.8,0.1,2.1,1.8,3.9,0.2,,7
6/2/2018,11:00 AM,19.2,0.3,4.3,4.4,8.7,0.239,,6
6/2/2018,12:00 PM,23.2,0.3,3.7,3.2,7,0.236,,8
6/2/2018,1:00 PM,28.7,0.2,3.1,2,5.2,0.191,,7
6/2/2018,2:00 PM,29.1,0.3,5,3.4,8.5,0.193,,7
6/2/2018,3:00 PM,32.7,0.2,3,1.6,4.7,0.19,,8
6/2/2018,4:00 PM,21.9,0.3,4.6,3.9,8.5,0.171,,5
6/2/2018,5:00 PM,,,,,,,,2
6/2/2018,6:00 PM,22.6,0.5,4.9,4.8,9.7,0.151,,1
6/2/2018,7:00 PM,15.4,0.6,6.1,5.9,12.1,0.165,,3
6/2/2018,8:00 PM,10.3,0.5,7.8,5.8,13.6,0.169,,4
6/2/2018,9:00 PM,19.5,0.1,4.1,1,5.1,0.17,,4
6/2/2018,10:00 PM,23.5,0,2.2,0.4,2.6,0.166,,3
6/2/2018,11:00 PM,23.1,0,2.1,0.1,2.3,0.154,,4
6/2/2018,24:00 AM,15.4,0.4,5.1,5.5,10.7,0.14,,5
6/3/2018,1:00 AM,23.6,0,1,0.1,1.2,0.129,,7
6/3/2018,2:00 AM,24.3,0,0.4,0.2,0.7,0.126,,8
6/3/2018,3:00 AM,25,0,0.4,0.1,0.6,0.122,,7
6/3/2018,4:00 AM,26.1,0,1,0.1,1.1,0.124,,6
6/3/2018,5:00 AM,26.9,0,1,0.3,1.3,0.123,,5
6/3/2018,6:00 AM,26.6,0,1.3,0.3,1.6,0.129,,5
6/3/2018,7:00 AM,3.1,1.7,11.5,19.7,31.2,0.141,,13
6/3/2018,8:00 AM,25.8,0.6,3.4,3.3,6.7,0.139,,7
6/3/2018,9:00 AM,14.9,0.9,7.4,12.3,19.8,0.156,,7
6/3/2018,10:00 AM,17.4,1.2,6.8,8,14.8,0.165,,6
6/3/2018,11:00 AM,29.3,0.2,1.8,0.7,2.6,0.161,,6
6/3/2018,12:00 PM,31.9,0,1.4,0.7,2.2,0.17,,6
6/3/2018,1:00 PM,31.8,0.1,1.7,1.2,3,0.162,,5
6/3/2018,2:00 PM,29.8,0.4,3.9,3.7,7.7,0.162,,3
6/3/2018,3:00 PM,36.1,0.1,1.4,0.5,2,0.158,,5
6/3/2018,4:00 PM,,,,,,,,3
6/3/2018,5:00 PM,36.1,0.1,1.8,1.1,2.9,0.142,,4
6/3/2018,6:00 PM,42.5,0,0.3,0.3,0.6,0.123,,4
6/3/2018,7:00 PM,40.6,0,0.6,0.2,0.9,0.12,,2
6/3/2018,8:00 PM,41.9,0,0.5,0.3,0.8,0.124,,3
6/3/2018,9:00 PM,43.1,0,0.3,0.2,0.5,0.118,,3
6/3/2018,10:00 PM,40.9,0,0.2,0.2,0.5,0.12,,2
6/3/2018,11:00 PM,38.8,0,0.1,0.2,0.3,0.113,,6
6/3/2018,24:00 AM,38.7,0,0.2,0,0.3,0.116,,5
6/4/2018,1:00 AM,36.1,0,0.7,0.2,0.9,0.114,,4
6/4/2018,2:00 AM,35.8,0,0.4,0.1,0.6,0.115,,4
6/4/2018,3:00 AM,34.2,0,0.6,0.2,0.8,0.114,,5
6/4/2018,4:00 AM,30.4,0,1.2,0.1,1.3,0.118,,3
6/4/2018,5:00 AM,28.9,0,1.6,0.3,2,0.134,,0
6/4/2018,6:00 AM,22.3,0.1,5,2.2,7.2,0.175,,6
6/4/2018,7:00 AM,28.6,0.2,3.1,1.6,4.7,0.181,,7
6/4/2018,8:00 AM,33.2,0,2.2,1.3,3.5,0.167,,5
6/4/2018,9:00 AM,34.9,0,1.7,1.2,2.9,0.157,,6
6/4/2018,10:00 AM,36.6,0,1.3,1,2.3,0.143,,6
6/4/2018,11:00 AM,35.3,0,1.4,1,2.5,0.141,,7
6/4/2018,12:00 PM,35.5,0,1,1.2,2.3,0.134,,5
6/4/2018,1:00 PM,33.9,0,1.4,1.4,2.8,0.153,,6
6/4/2018,2:00 PM,33.1,0,1.2,1.4,2.7,0.161,,7
6/4/2018,3:00 PM,,,,,,,,6
6/4/2018,4:00 PM,33.1,0,1.3,1.2,2.6,0.169,,3
6/4/2018,5:00 PM,33.4,0,1.6,1.1,2.8,0.167,,6
6/4/2018,6:00 PM,32.8,0.1,2.3,1.1,3.4,0.153,,8
6/4/2018,7:00 PM,28,0.3,4.3,1.4,5.8,0.154,,6
6/4/2018,8:00 PM,33.9,0,2.1,0.3,2.5,0.151,,4
6/4/2018,9:00 PM,33.3,0,2.2,0.2,2.5,0.14,,4
6/4/2018,10:00 PM,35.5,0,0.9,0.2,1.2,0.135,,5
6/4/2018,11:00 PM,33.7,0,1,0.2,1.2,0.111,,6
6/4/2018,24:00 AM,30.2,0,1.8,0.2,2.1,0.134,,5
6/5/2018,1:00 AM,26.2,0,3.8,0,3.9,0.083,,2
6/5/2018,2:00 AM,28.1,0,1.2,0,1.2,0.091,,1
6/5/2018,3:00 AM,31.9,0,0.5,0.1,0.6,0.084,,3
6/5/2018,4:00 AM,24.9,0,1.1,0.3,1.4,0.1,,8
6/5/2018,5:00 AM,20.1,0,2.5,0.4,2.9,0.118,,7
6/5/2018,6:00 AM,24.6,0,3.1,0.6,3.7,0.138,,5
6/5/2018,7:00 AM,22.8,1.3,4.4,1,5.5,0.159,,6
6/5/2018,8:00 AM,25.1,0.1,3.4,0.9,4.4,0.155,,5
6/5/2018,9:00 AM,,0,2.7,1.1,3.8,0.119,,6
6/5/2018,10:00 AM,,0,2,0.6,2.7,0.106,,5
6/5/2018,11:00 AM,,0.1,1.5,0.7,2.3,0.105,,4
6/5/2018,12:00 PM,,0,,,,0.098,,3
6/5/2018,1:00 PM,36.7,0,,,,0.111,,3
6/5/2018,2:00 PM,,,,,,,,5
6/5/2018,3:00 PM,37.7,0,,,,0.092,,5
6/5/2018,4:00 PM,36.6,0,,,,0.096,,6
6/5/2018,5:00 PM,31.6,0.2,,,,0.187,,9
6/5/2018,6:00 PM,33.4,0.1,,,,0.144,,6
6/5/2018,7:00 PM,32.1,0,,,,0.126,,3
6/5/2018,8:00 PM,31,0,,,,0.166,,5
6/5/2018,9:00 PM,30.6,0,,,,0.118,,6
6/5/2018,10:00 PM,21.9,0,,,,0.182,,9
6/5/2018,11:00 PM,19.7,0,,,,0.196,,7
6/5/2018,24:00 AM,24.8,0,,,,0.125,,5
6/6/2018,1:00 AM,19.3,0,,,,0.143,,5
6/6/2018,2:00 AM,15,0,,,,0.123,,7
6/6/2018,3:00 AM,10.1,0,,,,0.191,,5
6/6/2018,4:00 AM,7.5,0,,,,0.194,,3
6/6/2018,5:00 AM,6.7,0,,,,0.211,,10
6/6/2018,6:00 AM,5.4,0.3,,,,0.269,,9
6/6/2018,7:00 AM,8,0.5,,,,0.338,,6
6/6/2018,8:00 AM,18.1,0.3,,,,0.244,,6
6/6/2018,9:00 AM,20.1,0.1,,,,0.19,,6
6/6/2018,10:00 AM,24.9,0,,,,0.158,,4
6/6/2018,11:00 AM,28.9,0,,,,,,3
6/6/2018,12:00 PM,32.2,0,,,,,,3
6/6/2018,1:00 PM,,,,,,,,6
6/6/2018,2:00 PM,32,0.1,,,,,,4
6/6/2018,3:00 PM,31.4,0.2,,,,0.201,,2
6/6/2018,4:00 PM,29.6,0.1,,,,0.213,,3
6/6/2018,5:00 PM,29.9,0.1,,,,0.197,,3
6/6/2018,6:00 PM,34.8,0.1,,,,0.164,,4
6/6/2018,7:00 PM,28,0.1,10.1,2.1,12.2,0.177,,4
6/6/2018,8:00 PM,30.2,0,4.4,0.3,4.8,0.175,,4
6/6/2018,9:00 PM,29.5,0,3.5,0.3,3.9,0.162,,6
6/6/2018,10:00 PM,28.9,0,3.6,0.1,3.7,0.156,,4
6/6/2018,11:00 PM,27.9,0,4.1,0.1,4.2,0.155,,6
6/6/2018,24:00 AM,29.9,0,3.3,0.3,3.6,0.134,,5
6/7/2018,1:00 AM,33.6,0,1.1,0.3,1.4,0.127,,4
6/7/2018,2:00 AM,34.7,0,0.8,0.2,1,0.126,,4
6/7/2018,3:00 AM,34.5,0,1.9,0.4,2.3,0.133,,3
6/7/2018,4:00 AM,37.8,0,1.8,0.3,2.1,0.13,,2
6/7/2018,5:00 AM,37.3,0,5.1,0.5,5.6,0.15,,4
6/7/2018,6:00 AM,34.4,0,11.7,1.3,13.1,0.182,,3
6/7/2018,7:00 AM,35.3,0,11.5,3.1,14.6,0.209,,3
6/7/2018,8:00 AM,35.4,0,10.9,3.8,14.8,0.23,,5
6/7/2018,9:00 AM,36.7,,9.8,3.2,13.1,,,5
6/7/2018,10:00 AM,36.2,,8.6,2.9,11.6,,,4
6/7/2018,11:00 AM,37.3,,6.4,1.7,8.2,,,7
6/7/2018,12:00 PM,,,,,,,,9
6/7/2018,1:00 PM,39.2,0,5.4,1.7,7.1,0.158,,6
6/7/2018,2:00 PM,42.7,0,3.5,1.6,5.1,0.164,,4
6/7/2018,3:00 PM,43.5,0,4,1.7,5.8,0.165,,7
6/7/2018,4:00 PM,42.1,0,2.6,0.9,3.5,0.164,,4
6/7/2018,5:00 PM,39,0,4.6,1.5,6.1,0.184,,7
6/7/2018,6:00 PM,38,0,6,1.1,7.1,0.189,,9
6/7/2018,7:00 PM,22.6,0.1,21.1,4.9,26,0.184,,8
6/7/2018,8:00 PM,19.1,0.1,27.6,3.9,31.5,0.188,,9
6/7/2018,9:00 PM,34.6,0,8.6,0.5,9.2,0.184,,7
6/7/2018,10:00 PM,30.3,0,12.1,0,12.1,0.196,,6
6/7/2018,11:00 PM,32.1,0,8.8,0.3,9.2,0.185,,4
6/7/2018,24:00 AM,23.5,0,10.5,0,10.5,0.196,,10
6/8/2018,1:00 AM,20,0,9.8,0.1,10,0.206,,6
6/8/2018,2:00 AM,19.1,0,10.9,0.2,11.2,0.177,,4
6/8/2018,3:00 AM,27.8,0,7,0,7.1,0.103,,4
6/8/2018,4:00 AM,18.1,0,14.6,0,14.5,0.105,,4
6/8/2018,5:00 AM,13.3,0,18.1,1.2,19.4,0.12,,6
6/8/2018,6:00 AM,12.2,0,18.7,3.2,22,0.184,,6
6/8/2018,7:00 AM,15.1,0.1,16.1,5.7,21.9,0.193,,5
6/8/2018,8:00 AM,21,0.1,11.8,5,16.9,0.189,,6
6/8/2018,9:00 AM,30.9,0,4.6,1.5,6.1,0.127,,5
6/8/2018,10:00 AM,32.5,0,3.2,1.2,4.5,0.119,,6
6/8/2018,11:00 AM,,,,,,,,5
6/8/2018,12:00 PM,31,0.1,8.1,5.1,13.3,0.159,,7
6/8/2018,1:00 PM,37.6,0,6.8,2.9,9.8,0.156,,5
6/8/2018,2:00 PM,33.8,0,8.2,3.1,11.4,0.177,,5
6/8/2018,3:00 PM,30.2,0,9.9,3.6,13.6,0.209,,6
6/8/2018,4:00 PM,28.5,0,9.2,2.3,11.6,0.201,,8
6/8/2018,5:00 PM,35.8,0,4.2,0.9,5.2,0.162,,6
6/8/2018,6:00 PM,37.8,0,3.4,0.4,3.9,0.147,,4
6/8/2018,7:00 PM,36.3,0,3.7,0.4,4.1,0.155,,4
6/8/2018,8:00 PM,32.2,0,4.1,0,4.1,0.155,,4
6/8/2018,9:00 PM,25.6,0,7.4,0.1,7.5,0.19,,6
6/8/2018,10:00 PM,13.7,0.1,16.9,5.3,22.2,0.213,,6
6/8/2018,11:00 PM,14.2,0.3,22.6,7.9,30.4,0.163,,8
6/8/2018,24:00 AM,6.6,0.8,25.5,27.8,53.4,0.138,,7
6/9/2018,1:00 AM,24.4,0.2,6.6,1.6,8.3,0.13,,4
6/9/2018,2:00 AM,31.9,0,2,0.1,2.2,0.121,,3
6/9/2018,3:00 AM,34.5,0,1.3,0.3,1.6,0.138,,5
6/9/2018,4:00 AM,30.8,0,1.7,0.2,1.9,0.137,,3
6/9/2018,5:00 AM,26.1,0,4.8,0.6,5.5,0.152,,1
6/9/2018,6:00 AM,19,0,6.1,1.3,7.4,0.194,,5
6/9/2018,7:00 AM,29.7,0,4.6,1.7,6.4,0.143,,5
6/9/2018,8:00 AM,30.6,0,3.6,1.9,5.5,0.155,,6
6/9/2018,9:00 AM,32.3,0,3.3,2.3,5.7,0.175,,6
6/9/2018,10:00 AM,,,,,,,,4
6/9/2018,11:00 AM,34.8,0.1,3.1,1.8,4.9,0.167,,4
6/9/2018,12:00 PM,35.8,0.2,3.4,2.1,5.5,0.167,,3
6/9/2018,1:00 PM,36.8,0,2.6,1.6,4.2,0.163,,4
6/9/2018,2:00 PM,36.4,0,2.4,1.7,4.1,0.164,,4
6/9/2018,3:00 PM,36.8,0,2.3,1.6,3.9,0.107,,1
6/9/2018,4:00 PM,37.1,0,1.1,0.7,1.9,0.092,,2
6/9/2018,5:00 PM,35.8,0,1.3,1,2.3,0.08,,2
6/9/2018,6:00 PM,34.1,0,0.9,0.7,1.7,0.09,,2
6/9/2018,7:00 PM,32.9,0,1.2,0.7,1.9,0.081,,3
6/9/2018,8:00 PM,31.9,0,1.3,0.4,1.8,0.075,,6
6/9/2018,9:00 PM,31.6,0,0.9,0.4,1.4,0.07,,3
6/9/2018,10:00 PM,30.6,0,1.8,0.6,2.5,0.078,,2
6/9/2018,11:00 PM,30.8,0,1.4,0.5,1.9,0.094,,3
6/9/2018,24:00 AM,29.3,0,2.3,0.6,2.9,0.098,,4
6/10/2018,1:00 AM,30.2,0,1.5,0.3,1.8,0.089,,3
6/10/2018,2:00 AM,32.5,0,1.2,0.3,1.5,0.089,,2
6/10/2018,3:00 AM,34.3,0,0.6,0.1,0.8,0.104,,2
6/10/2018,4:00 AM,32.2,0,0.4,0.3,0.8,0.104,,5
6/10/2018,5:00 AM,29.8,0,1.4,0.4,1.9,0.112,,3
6/10/2018,6:00 AM,30,0,1.6,0.7,2.3,0.113,,2
6/10/2018,7:00 AM,27.5,0,2.7,1.1,3.9,0.123,,4
6/10/2018,8:00 AM,24.6,0,2.5,1.4,3.9,0.127,,4
6/10/2018,9:00 AM,,,,,,,,2
6/10/2018,10:00 AM,29.2,0,2.2,1.6,3.8,0.128,,3
6/10/2018,11:00 AM,29.7,0,1.1,0.8,2,0.119,,2
6/10/2018,12:00 PM,31.1,0,0.7,0.7,1.5,0.118,,4
6/10/2018,1:00 PM,31.5,0,1.8,1.5,3.3,0.136,,5
6/10/2018,2:00 PM,36.5,0,1.3,1,2.3,0.128,,4
6/10/2018,3:00 PM,35.6,0,2.3,1.5,3.8,0.118,,2
6/10/2018,4:00 PM,33.5,0,1.8,1.4,3.3,0.126,,5
6/10/2018,5:00 PM,33.7,0,1.9,1.5,3.5,0.121,,3
6/10/2018,6:00 PM,33.4,0,2.4,1.3,3.7,0.117,,3
6/10/2018,7:00 PM,31.6,0,3.4,1.1,4.6,0.115,,4
6/10/2018,8:00 PM,34.1,0,0.9,0.5,1.4,0.107,,3
6/10/2018,9:00 PM,32.5,0,2.1,0.7,2.9,0.11,,2
6/10/2018,10:00 PM,31,0,1.8,0.5,2.4,0.112,,1
6/10/2018,11:00 PM,28.7,0,2.4,0.2,2.6,0.111,,2
6/10/2018,24:00 AM,26.6,0,2.6,0.4,3,0.108,,4
6/11/2018,1:00 AM,27.4,0,1.4,0.1,1.6,0.101,,5
6/11/2018,2:00 AM,27.6,0,0.8,0.2,1,0.102,,4
6/11/2018,3:00 AM,24.3,0,2.3,0.3,2.6,0.143,,2
6/11/2018,4:00 AM,13.4,0,5,0.9,6,0.174,,2
6/11/2018,5:00 AM,7.6,0,8,1.3,9.4,0.205,,3
6/11/2018,6:00 AM,6.9,0.1,10.6,8.9,19.6,0.258,,5
6/11/2018,7:00 AM,14,0.3,10.6,10.8,21.5,0.24,,6
6/11/2018,8:00 AM,,,,,,,,6
6/11/2018,9:00 AM,24.5,1.1,5.9,5.5,11.4,0.188,,5
6/11/2018,10:00 AM,27.6,0.2,5,3.9,8.9,0.165,,3
6/11/2018,11:00 AM,30.6,0.2,3.5,2.5,6,0.166,,1
6/11/2018,12:00 PM,32.7,0.2,1.9,1.6,3.6,0.141,,0
6/11/2018,1:00 PM,32.6,0.1,2.1,1.5,3.7,0.151,,1
6/11/2018,2:00 PM,31.5,0,3.2,2.7,6,0.168,,1
6/11/2018,3:00 PM,30.6,0,4.8,3.7,8.6,0.162,,3
6/11/2018,4:00 PM,31.7,0,6.2,3.8,10,0.185,,3
6/11/2018,5:00 PM,33,0,5.4,2.7,8.2,0.167,,4
6/11/2018,6:00 PM,27.5,0,9.5,4.2,13.8,0.162,,6
6/11/2018,7:00 PM,35.8,0,2.2,0.9,3.2,0.119,,4
6/11/2018,8:00 PM,35,0,2.5,0.5,3.1,0.119,,4
6/11/2018,9:00 PM,29.5,0,5,0.5,5.6,0.143,,3
6/11/2018,10:00 PM,26.6,0,6.3,0.2,6.6,0.148,,1
6/11/2018,11:00 PM,27.5,0,5.4,0.2,5.6,0.127,,5
6/11/2018,24:00 AM,28.9,0,2,0.2,2.3,0.122,,3
6/12/2018,1:00 AM,27.8,0,2.1,0.2,2.4,0.115,,3
6/12/2018,2:00 AM,25.4,0,2.2,0,2.2,0.117,,3
6/12/2018,3:00 AM,16.8,0,4.7,0.1,4.8,0.143,,4
6/12/2018,4:00 AM,14.6,0,6.7,0.3,7.1,0.145,,2
6/12/2018,5:00 AM,10.9,0,7.5,0.5,8.1,0.175,,4
6/12/2018,6:00 AM,13.3,0,7.3,2,9.4,0.168,,7
6/12/2018,7:00 AM,,,,,,,,6
6/12/2018,8:00 AM,19,0,5.7,3.8,9.6,0.165,,3
6/12/2018,9:00 AM,22.2,0.1,6.3,3.5,9.9,0.156,,4
6/12/2018,10:00 AM,24.9,0.1,5,2.6,7.6,0.149,,5
6/12/2018,11:00 AM,24.4,0.2,4.8,2.6,7.5,0.157,,6
6/12/2018,12:00 PM,26.1,0.1,4.3,1.5,5.9,0.155,,6
6/12/2018,1:00 PM,27.6,0.1,5.4,3.6,9,0.166,,3
6/12/2018,2:00 PM,26.4,0.4,7.8,5.6,13.5,0.185,,4
6/12/2018,3:00 PM,33.3,0.2,3.4,1.5,4.9,0.127,,4
6/12/2018,4:00 PM,33.8,0.3,2,0.9,3,0.123,,3
6/12/2018,5:00 PM,31.2,0.2,3.4,1.3,4.8,0.138,,7
6/12/2018,6:00 PM,26.8,0.2,5.6,1.4,7.1,0.144,,5
6/12/2018,7:00 PM,17.5,0.8,14.9,5.8,20.8,0.177,,4
6/12/2018,8:00 PM,11.5,1.1,24.8,5.4,30.3,0.18,,5
6/12/2018,9:00 PM,18.7,1.4,15.2,0.6,15.8,0.169,,9
6/12/2018,10:00 PM,26.3,3.3,5.6,0.5,6.1,0.135,,6
6/12/2018,11:00 PM,28.5,1.6,3.2,0.1,3.3,0.126,,5
6/12/2018,24:00 AM,24.6,1.2,4.9,0.2,5.2,0.129,,5
6/13/2018,1:00 AM,22.9,0.7,4.6,0.1,4.7,0.13,,6
6/13/2018,2:00 AM,20.8,0.3,4.5,0.1,4.6,0.126,,6
6/13/2018,3:00 AM,16.4,0.2,9,0.3,9.4,0.126,,5
6/13/2018,4:00 AM,15.2,0.3,6.5,0.2,6.7,0.133,,7
6/13/2018,5:00 AM,16.2,0.6,5.9,0.6,6.5,0.154,,9
6/13/2018,6:00 AM,,,,,,,,9
6/13/2018,7:00 AM,12.4,0.8,14.8,7,21.8,0.243,,7
6/13/2018,8:00 AM,13,1,18.6,14.7,33.3,0.206,,7
6/13/2018,9:00 AM,20.1,0.5,10.1,9,19.1,0.17,,5
6/13/2018,10:00 AM,26.5,0.2,4,3.8,7.9,0.147,,3
6/13/2018,11:00 AM,27.9,0.2,3.6,3.3,7,0.147,,2
6/13/2018,12:00 PM,28.8,0.1,3.2,2.8,6,0.099,,4
6/13/2018,1:00 PM,28.8,0.1,3.4,2.9,6.3,0.094,,4
6/13/2018,2:00 PM,29.4,0.1,3.8,3.6,7.4,0.1,,5
6/13/2018,3:00 PM,29.9,0.1,3.4,3.3,6.8,0.168,,7
6/13/2018,4:00 PM,29.3,0,3,2.9,5.9,0.203,,5
6/13/2018,5:00 PM,30.2,0,2.1,1.7,3.8,0.198,,6
6/13/2018,6:00 PM,29.5,0,2.1,1.2,3.3,0.193,,6
6/13/2018,7:00 PM,28,0,2.8,1.3,4.2,0.19,,4
6/13/2018,8:00 PM,28.1,0,1.9,0.9,2.9,0.184,,4
6/13/2018,9:00 PM,29.3,0,2,0.6,2.6,0.176,,4
6/13/2018,10:00 PM,29.6,0,2.3,0.6,2.9,0.174,,3
6/13/2018,11:00 PM,29.7,0,1.6,0.3,2,0.174,,5
6/13/2018,24:00 AM,28.8,0,1.2,0.3,1.5,0.167,,3
6/14/2018,1:00 AM,27.2,0,2,0.2,2.2,0.166,,2
6/14/2018,2:00 AM,25.6,0,1.9,0.3,2.3,0.165,,6
6/14/2018,3:00 AM,24.7,0,1.3,0.2,1.6,0.099,,6
6/14/2018,4:00 AM,22.3,0,2.9,0.3,3.2,0.105,,5
6/14/2018,5:00 AM,,,,,,,,3
6/14/2018,6:00 AM,15.5,0,9.2,4.3,13.5,0.153,,6
6/14/2018,7:00 AM,17.1,0.1,6.7,5.5,12.2,0.153,,6
6/14/2018,8:00 AM,16.9,0.1,7.4,7.9,15.4,0.155,,4
6/14/2018,9:00 AM,19.7,0.2,6.7,7.2,14,0.154,,4
6/14/2018,10:00 AM,23,0.1,5.5,5.6,11.2,0.146,,4
6/14/2018,11:00 AM,21.9,0.1,7,8.1,15.1,0.136,,3
6/14/2018,12:00 PM,21.5,0.1,7.3,8.3,15.7,0.144,,2
6/14/2018,1:00 PM,23,0.1,5.8,5.1,11,0.147,,6
6/14/2018,2:00 PM,22.4,0.1,4.5,5,9.6,0.154,,5
6/14/2018,3:00 PM,23,0.1,6.9,7.4,14.3,0.171,,2
6/14/2018,4:00 PM,21.8,0.1,7,4.8,11.9,0.189,,0
6/14/2018,5:00 PM,21.6,0.1,6.6,3.7,10.4,0.186,,5
6/14/2018,6:00 PM,23.2,0,5.3,2.6,7.9,0.153,,6
6/14/2018,7:00 PM,25.1,0,3.5,1,4.6,0.133,,5
6/14/2018,8:00 PM,22.3,0,4.6,1.1,5.8,0.144,,4
6/14/2018,9:00 PM,20.6,0,5.3,1.2,6.5,0.143,,3
6/14/2018,10:00 PM,20.5,0,4.6,0.6,5.2,0.14,,3
6/14/2018,11:00 PM,19.8,0,4.6,0.4,5.1,0.123,,3
6/14/2018,24:00 AM,16.8,0,6.6,0.3,7,0.126,,2
6/15/2018,1:00 AM,17.7,0,4.7,0.2,5,0.116,,2
6/15/2018,2:00 AM,15.3,0,5.6,0.1,5.8,0.11,,6
6/15/2018,3:00 AM,15.2,0,5.1,0.2,5.3,0.102,,5
6/15/2018,4:00 AM,,,,,,,,5
6/15/2018,5:00 AM,1.6,0.1,8.8,11.3,20.2,0.204,,6
6/15/2018,6:00 AM,3.5,0.4,14,14.6,28.6,0.223,,5
6/15/2018,7:00 AM,3.8,0.7,16.7,21.8,38.5,0.257,,5
6/15/2018,8:00 AM,6.7,1,13.1,20,33.2,0.327,,7
6/15/2018,9:00 AM,14.8,1.1,9.1,14,23.2,0.205,,8
6/15/2018,10:00 AM,15.4,1,8.9,11.8,20.7,0.177,,8
6/15/2018,11:00 AM,19.3,1,8.4,8.3,16.7,0.168,,10
6/15/2018,12:00 PM,22.1,0.8,5.8,5.4,11.3,0.161,,8
6/15/2018,1:00 PM,24.2,0.7,5.8,4.5,10.4,0.157,,8
6/15/2018,2:00 PM,25.9,0.6,7.3,6.3,13.7,0.172,,10
6/15/2018,3:00 PM,15.7,0.9,18.3,19.7,38,0.2,,7
6/15/2018,4:00 PM,20,0.7,11.4,9.5,20.9,0.215,,7
6/15/2018,5:00 PM,19.3,0.4,10.7,7.6,18.3,0.216,,6
6/15/2018,6:00 PM,20.4,0.3,9,7.4,16.5,0.2,,4
6/15/2018,7:00 PM,22,0.2,6.4,1.9,8.4,0.193,,2
6/15/2018,8:00 PM,20.3,0,6.7,1.7,8.4,0.181,,3
6/15/2018,9:00 PM,18.4,0,7.8,1.8,9.6,0.194,,4
6/15/2018,10:00 PM,16.2,0.1,9.3,1.9,11.3,0.176,,6
6/15/2018,11:00 PM,17.6,0.1,8,0.1,8.1,0.171,,5
6/15/2018,24:00 AM,15.5,0,8.9,0.2,9.1,0.161,,6
6/16/2018,1:00 AM,21.5,0.2,5.6,0.1,5.8,0.149,,7
6/16/2018,2:00 AM,24.8,0.3,1.9,0.2,2.1,0.145,,6
6/16/2018,3:00 AM,,,,,,,,10
6/16/2018,4:00 AM,14.1,0,8.8,0,8.8,0.155,,5
6/16/2018,5:00 AM,10.7,0.1,11.8,1.2,13,0.18,,2
6/16/2018,6:00 AM,11.1,0.6,11.8,6.3,18.1,0.214,,3
6/16/2018,7:00 AM,18.6,0.9,7.1,4.5,11.6,0.186,,6
6/16/2018,8:00 AM,20.5,0.4,5.6,4.2,9.9,0.18,,7
6/16/2018,9:00 AM,25.8,1,2.8,1.8,4.7,0.166,,6
6/16/2018,10:00 AM,26.2,0.7,5.1,3.4,8.6,0.149,,8
6/16/2018,11:00 AM,27.1,0.4,6.3,4.1,10.4,0.15,,7
6/16/2018,12:00 PM,28.2,0.2,5.7,3.8,9.6,0.199,,8
6/16/2018,1:00 PM,31.9,0.2,5.1,3.2,8.4,0.195,,8
6/16/2018,2:00 PM,36,0.3,5.1,2.7,7.9,0.194,,9
6/16/2018,3:00 PM,38,0.3,6.1,2.8,9,0.146,,6
6/16/2018,4:00 PM,40.9,0.3,3.6,1.6,5.3,0.149,,4
6/16/2018,5:00 PM,27.4,0.5,17.5,17.6,35.2,0.162,,8
6/16/2018,6:00 PM,29.9,1,12.9,14,27,0.156,,9
6/16/2018,7:00 PM,33.6,0.2,5.8,1.3,7.1,0.164,,6
6/16/2018,8:00 PM,31.7,0.2,6.8,0.8,7.6,0.162,,6
6/16/2018,9:00 PM,9.2,0.9,26,11.3,37.3,0.194,,11
6/16/2018,10:00 PM,10.4,0.7,24.3,6.6,30.9,0.18,,8
6/16/2018,11:00 PM,5.9,1.7,29.4,39.8,69.2,0.16,,15
6/16/2018,24:00 AM,1.6,1.2,34.1,30.7,64.9,0.171,,8
6/17/2018,1:00 AM,3.4,0.6,28.7,10.8,39.5,0.186,,8
6/17/2018,2:00 AM,,,,,,,,9
6/17/2018,3:00 AM,5.6,0.3,20.9,9.4,30.3,0.186,,11
6/17/2018,4:00 AM,5.8,0.1,19.6,1,20.7,0.212,,11
6/17/2018,5:00 AM,5.1,0.1,19.4,3.3,22.7,0.216,,9
6/17/2018,6:00 AM,8.4,0.3,16.7,8.8,25.5,0.183,,6
6/17/2018,7:00 AM,10.5,0.5,17.4,16,33.4,0.187,,8
6/17/2018,8:00 AM,21.2,0.2,7.6,5.2,12.9,0.16,,9
6/17/2018,9:00 AM,28.4,0,2,1.4,3.5,0.114,,6
6/17/2018,10:00 AM,31.2,0,1.3,0.5,1.9,0.128,,4
6/17/2018,11:00 AM,33.2,0,1.7,0.9,2.6,0.143,,9
6/17/2018,12:00 PM,32.9,0.2,6.7,3.5,10.3,0.206,,9
6/17/2018,1:00 PM,31.8,0.7,15.6,9.4,25.1,0.193,,9
6/17/2018,2:00 PM,36.7,0.4,14.4,5.5,20,0.213,,9
6/17/2018,3:00 PM,45.1,0.4,9.3,2.9,12.2,0.182,,9
6/17/2018,4:00 PM,50.4,0.3,6.8,1.8,8.7,0.174,,9
6/17/2018,5:00 PM,44.7,0.5,12.6,4,16.6,0.141,,9
6/17/2018,6:00 PM,41.8,0.4,8,1.4,9.4,0.171,,10
6/17/2018,7:00 PM,28.6,0.5,17.2,2.8,20,0.178,,13
6/17/2018,8:00 PM,17.2,0.7,24.5,3.8,28.4,0.178,,10
6/17/2018,9:00 PM,10.2,0.8,28.5,4.6,33.1,0.193,,23
6/17/2018,10:00 PM,17.5,0.5,18.1,0.3,18.4,0.173,,6
6/17/2018,11:00 PM,9,0.5,24.8,2.8,27.7,0.185,,12
6/17/2018,24:00 AM,3.2,0.4,27.5,2.4,29.9,0.268,,13
6/18/2018,1:00 AM,,,,,,,,15
6/18/2018,2:00 AM,14,0.2,11.3,0.2,11.6,0.209,,12
6/18/2018,3:00 AM,9.2,0.2,13.3,0.2,13.5,0.252,,14
6/18/2018,4:00 AM,20,0.1,10,0.2,10.2,0.149,,9
6/18/2018,5:00 AM,13.7,0.1,12.5,1.3,13.8,0.25,,10
6/18/2018,6:00 AM,7.6,0.3,16.1,9.6,25.8,0.278,,12
6/18/2018,7:00 AM,15.5,0.4,14.3,8.4,22.7,0.27,,12
6/18/2018,8:00 AM,14.9,0.7,18.8,17.3,36.2,0.344,,12
6/18/2018,9:00 AM,24.6,0.3,7.4,4.3,11.8,0.187,,7
6/18/2018,10:00 AM,21.8,0.4,13.9,11,24.9,0.214,,10
6/18/2018,11:00 AM,18.4,1,19.8,18.8,38.7,0.222,,16
6/18/2018,12:00 PM,24.4,0.4,16.6,11.4,28,0.212,,14
6/18/2018,1:00 PM,34.1,0.3,12.2,6.5,18.8,0.193,,14
6/18/2018,2:00 PM,42.3,0.4,12.7,4.6,17.4,0.208,,14
6/18/2018,3:00 PM,39.1,0.6,11.8,5.1,17,0.211,,12
6/18/2018,4:00 PM,34,0.4,9.4,3.7,13.1,0.215,,12
6/18/2018,5:00 PM,31,0.2,7.5,3.4,10.9,0.177,,9
6/18/2018,6:00 PM,29.8,0.1,6.8,2.5,9.3,0.121,,10
6/18/2018,7:00 PM,28.5,0.1,5.3,1.3,6.6,0.108,,10
6/18/2018,8:00 PM,25.6,0.1,4.6,0.9,5.5,0.109,,10
6/18/2018,9:00 PM,25.7,0,3,0.4,3.5,0.098,,7
6/18/2018,10:00 PM,25.1,0,2.9,0.5,3.4,0.088,,8
6/18/2018,11:00 PM,25.4,0,2.6,0.4,3,0.077,,7
6/18/2018,24:00 AM,,,,,,,,10
6/19/2018,1:00 AM,26.2,0,1.6,0.3,1.9,0.066,,9
6/19/2018,2:00 AM,24.7,0,0.8,0.1,0.9,0.077,,10
6/19/2018,3:00 AM,23.6,0,1.5,0,1.6,0.086,,13
6/19/2018,4:00 AM,22.4,0,1.8,0.1,2,0.092,,11
6/19/2018,5:00 AM,21.8,0,2.4,0.5,3,0.103,,9
6/19/2018,6:00 AM,19,0.2,4.9,2.1,7,0.12,,11
6/19/2018,7:00 AM,18.5,0.1,6.3,4.4,10.7,0.135,,13
6/19/2018,8:00 AM,19.5,0.1,5.9,4.9,10.9,0.138,,10
6/19/2018,9:00 AM,21.1,0.3,4.6,4.1,8.7,0.132,,7
6/19/2018,10:00 AM,18.8,0.2,6.7,7.9,14.7,0.137,,8
6/19/2018,11:00 AM,19.8,0.1,4.9,5.2,10.1,0.133,,5
6/19/2018,12:00 PM,20.5,0.1,3.6,4,7.7,0.134,,5
6/19/2018,1:00 PM,19,0.1,5.1,5.7,10.8,0.147,,5
6/19/2018,2:00 PM,20,0.2,6.1,6.3,12.4,0.147,,7
6/19/2018,3:00 PM,22.6,0.1,4.5,4.3,8.9,0.179,,6
6/19/2018,4:00 PM,22.2,0.1,4.4,3.6,8.1,0.215,,10
6/19/2018,5:00 PM,20.4,0.1,4.3,2.9,7.3,0.202,,8
6/19/2018,6:00 PM,19.7,0,4.7,2.5,7.2,0.192,,6
6/19/2018,7:00 PM,19.2,0,5.8,2.2,8,0.187,,8
6/19/2018,8:00 PM,12,0.2,12.5,2.5,15,0.239,,10
6/19/2018,9:00 PM,9.6,0.1,13.9,1,14.9,0.269,,8
6/19/2018,10:00 PM,18.4,0,5.1,0.3,5.4,0.183,,6
6/19/2018,11:00 PM,,,,,,,,8
6/19/2018,24:00 AM,15.7,0,4.8,0.3,5.1,0.163,,7
6/20/2018,1:00 AM,16.2,0,3.7,0.2,3.9,0.159,,6
6/20/2018,2:00 AM,15.7,0,3.3,0.3,3.6,0.156,,4
6/20/2018,3:00 AM,15.3,0,3.1,0.2,3.4,0.071,,3
6/20/2018,4:00 AM,13.1,0,3.5,0.1,3.7,0.077,,4
6/20/2018,5:00 AM,8.8,0,5.7,0.7,6.5,0.124,,5
6/20/2018,6:00 AM,7.6,0,6.2,1.7,7.9,0.121,,6
6/20/2018,7:00 AM,5.5,0.3,11.2,18,29.2,0.229,,9
6/20/2018,8:00 AM,4.1,1.1,16.3,36.3,52.6,0.361,,11
6/20/2018,9:00 AM,7.2,1.1,13.1,26.8,39.9,0.306,,11
6/20/2018,10:00 AM,6.9,1.2,16,38.3,54.3,0.29,,12
6/20/2018,11:00 AM,9.5,1.4,16.6,30.5,47.1,0.264,,12
6/20/2018,12:00 PM,18.5,0.6,14.2,15.3,29.6,0.207,,12
6/20/2018,1:00 PM,26,0.6,9.2,6.7,15.9,0.166,,9
6/20/2018,2:00 PM,26.1,0.6,11.6,7.6,19.2,0.171,,13
6/20/2018,3:00 PM,22.1,0.8,11.9,9.4,21.4,0.175,,8
6/20/2018,4:00 PM,18,0.3,10.1,8,18.2,0.165,,6
6/20/2018,5:00 PM,16,0.2,9.9,6.7,16.6,0.221,,4
6/20/2018,6:00 PM,17.6,0.1,8.8,4.1,13,0.164,,5
6/20/2018,7:00 PM,15.8,0.1,10.4,3.8,14.2,0.157,,6
6/20/2018,8:00 PM,14,0.1,11.4,2.9,14.4,0.131,,5
6/20/2018,9:00 PM,18,0,11.4,1.2,12.7,0.12,,5
6/20/2018,10:00 PM,,,,,,,,6
6/20/2018,11:00 PM,8.8,0,13.8,3.3,17.1,0.095,,6
6/20/2018,24:00 AM,14.2,0,5.9,1.7,7.6,0.084,,5
6/21/2018,1:00 AM,14.8,0,1.5,0.2,1.7,0.051,,4
6/21/2018,2:00 AM,13.2,0,0.9,0,1,0.06,,3
6/21/2018,3:00 AM,15.4,0,0.4,0.2,0.6,0.089,,2
6/21/2018,4:00 AM,17.9,0,0.4,0.3,0.7,0.09,,2
6/21/2018,5:00 AM,18.2,0,1.5,0.6,2.1,0.098,,5
6/21/2018,6:00 AM,18.4,0,2.7,1.7,4.5,0.117,,4
6/21/2018,7:00 AM,17.2,0,5.3,5.5,10.8,0.146,,5
6/21/2018,8:00 AM,17.2,0.1,7,7.9,14.9,0.162,,7
6/21/2018,9:00 AM,20.8,0,5,5.2,10.2,0.146,,6
6/21/2018,10:00 AM,21.5,0.1,5,5,10,0.143,,4
6/21/2018,11:00 AM,22.4,0.1,5.5,5.4,11,0.141,,6
6/21/2018,12:00 PM,22.8,0.1,5.8,6,11.9,0.145,,9
6/21/2018,1:00 PM,25.2,0,4.4,3.9,8.3,0.149,,8
6/21/2018,2:00 PM,20.5,0.1,8.6,9.2,17.9,0.158,,9
6/21/2018,3:00 PM,23.7,0.1,5.3,4.8,10.1,0.176,,7
6/21/2018,4:00 PM,23.9,0.1,4.2,3.6,7.9,0.18,,4
6/21/2018,5:00 PM,22.6,0,3.3,2.7,6.1,0.17,,1
6/21/2018,6:00 PM,21.9,0,3.3,2.3,5.7,0.158,,0
6/21/2018,7:00 PM,20.8,0,2.6,2.2,4.8,0.153,,3
6/21/2018,8:00 PM,20,0,2.3,1.2,3.5,0.142,,3
6/21/2018,9:00 PM,,,,,,,,2
6/21/2018,10:00 PM,18.4,0,1.9,0.6,2.6,0.131,,1
6/21/2018,11:00 PM,19.7,0,1.2,0.3,1.5,0.123,,2
6/21/2018,24:00 AM,19.1,0,1.2,0.4,1.6,0.118,,3
6/22/2018,1:00 AM,18.5,0,1.2,0.8,2,0.116,,5
6/22/2018,2:00 AM,19.9,0,0.6,0.3,0.9,0.112,,3
6/22/2018,3:00 AM,18.7,0,1.3,0.4,1.7,0.051,,2
6/22/2018,4:00 AM,19.2,0,1,0.4,1.5,0.059,,0
6/22/2018,5:00 AM,15.9,0,4.3,1.8,6.2,0.064,,1
6/22/2018,6:00 AM,11.5,0,8.9,5.3,14.3,0.107,,2
6/22/2018,7:00 AM,10.5,0.1,10.8,8.6,19.5,0.141,,3
6/22/2018,8:00 AM,14.3,0.3,8.4,7.1,15.5,0.129,,3
6/22/2018,9:00 AM,16.7,0.1,6.1,7,13.1,0.122,,7
6/22/2018,10:00 AM,18.8,0.1,4.8,5.2,10,0.112,,9
6/22/2018,11:00 AM,20.6,0.1,4.4,5,9.5,0.103,,6
6/22/2018,12:00 PM,24.2,0.1,3.8,3.9,7.8,0.096,,5
6/22/2018,1:00 PM,24.9,0.1,4.2,4.1,8.4,0.1,,
6/22/2018,2:00 PM,22.6,0.1,4.5,5.5,10.1,0.119,,
6/22/2018,3:00 PM,23.4,0,4,4.2,8.2,0.152,,9
6/22/2018,4:00 PM,25.9,0,2.7,2.2,4.9,0.149,,6
6/22/2018,5:00 PM,25.6,0,2.6,1.9,4.5,0.143,,3
6/22/2018,6:00 PM,23.7,0,3.2,1.3,4.6,0.139,,0
6/22/2018,7:00 PM,25.8,0,2.2,1.1,3.3,0.133,,5
6/22/2018,8:00 PM,,,,,,,,6
6/22/2018,9:00 PM,26.6,0,2.1,0.8,3,0.131,,3
6/22/2018,10:00 PM,24,0,2.4,0.7,3.1,0.132,,5
6/22/2018,11:00 PM,23.8,0,1.6,0.4,2,0.131,,5
6/22/2018,24:00 AM,20.3,0,4.2,0.6,4.8,0.131,,3
6/23/2018,1:00 AM,22.5,0,2,0.6,2.6,0.12,,3
6/23/2018,2:00 AM,22.3,0,0.9,0.3,1.2,0.116,,3
6/23/2018,3:00 AM,20.4,0,0.7,0.2,1,0.093,,4
6/23/2018,4:00 AM,17.3,0,2.7,0.2,2.9,0.095,,3
6/23/2018,5:00 AM,15.2,0,3.9,0.5,4.5,0.099,,6
6/23/2018,6:00 AM,14.6,0,4.6,2.4,7,0.109,,5
6/23/2018,7:00 AM,16.8,0,3.1,2.7,5.9,0.107,,5
6/23/2018,8:00 AM,17.7,0,3.6,3.4,7,0.122,,7
6/23/2018,9:00 AM,14.8,0.4,10.1,17.6,27.7,0.131,,4
6/23/2018,10:00 AM,20.8,0,5.3,5.7,11.1,0.14,,0
6/23/2018,11:00 AM,19.2,0.3,9.1,10.6,19.7,0.135,,1
6/23/2018,12:00 PM,24.4,0.1,3.2,2.9,6.2,0.126,,5
6/23/2018,1:00 PM,24.8,0,2.4,2.3,4.7,0.125,,3
6/23/2018,2:00 PM,23.1,0,3.3,3.2,6.6,0.125,,5
6/23/2018,3:00 PM,24.1,0,2.5,2.4,4.9,0.119,,5
6/23/2018,4:00 PM,23.3,0,2.6,2.1,4.7,0.125,,6
6/23/2018,5:00 PM,21.7,0.1,7.5,6.1,13.7,0.15,,5
6/23/2018,6:00 PM,24.9,0.1,4.7,2.8,7.5,0.14,,5
6/23/2018,7:00 PM,,,,,,,,5
6/23/2018,8:00 PM,16.9,0.6,14.1,17.3,31.4,0.118,,5
6/23/2018,9:00 PM,26.6,0,2.5,0.7,3.3,0.11,,5
6/23/2018,10:00 PM,23.7,0,4,0.7,4.8,0.12,,2
6/23/2018,11:00 PM,20.9,0,5.2,0.6,5.8,0.108,,3
6/23/2018,24:00 AM,20.9,0,3.9,0.3,4.2,0.102,,5
6/24/2018,1:00 AM,21.2,0,2,0.3,2.3,0.106,,4
6/24/2018,2:00 AM,18.4,0,2.7,0.2,2.9,0.106,,6
6/24/2018,3:00 AM,18.1,0,3.2,0.4,3.6,0.092,,7
6/24/2018,4:00 AM,17.1,0,1.7,0.1,1.8,0.093,,7
6/24/2018,5:00 AM,15.5,0,2.7,0.3,3,0.092,,5
6/24/2018,6:00 AM,15.5,0,2.4,0.7,3.2,0.105,,7
6/24/2018,7:00 AM,12.6,0,7.1,5.9,13,0.113,,5
6/24/2018,8:00 AM,16.2,0,4.1,3.9,8.1,0.125,,2
6/24/2018,9:00 AM,18.9,0,2.9,2.8,5.8,0.121,,4
6/24/2018,10:00 AM,21.5,0,4,3.6,7.6,0.14,,5
6/24/2018,11:00 AM,24.3,0,3.5,2.6,6.1,0.134,,6
6/24/2018,12:00 PM,24.5,0,2.4,1.6,4,0.13,,7
6/24/2018,1:00 PM,21.3,0,3.5,2.9,6.5,0.141,,4
6/24/2018,2:00 PM,24.1,0.1,3.3,2.7,6.1,0.126,,2
6/24/2018,3:00 PM,26.9,0,3.1,2,5.2,0.127,,3
6/24/2018,4:00 PM,30.6,0,2.9,1.3,4.3,0.137,,3
6/24/2018,5:00 PM,30.3,0,2.1,0.6,2.8,0.144,,2
6/24/2018,6:00 PM,,,,,,,,2
6/24/2018,7:00 PM,27.1,0.9,4.9,0.5,5.4,0.127,,6
6/24/2018,8:00 PM,41.8,0.1,3.2,0.3,3.5,0.1,,4
6/24/2018,9:00 PM,33.5,0,1.8,0.2,2.1,0.097,,2
6/24/2018,10:00 PM,25.7,0,3.7,0.3,4.1,0.107,,4
6/24/2018,11:00 PM,26.1,0,2.9,0.2,3.2,0.092,,5
6/24/2018,24:00 AM,27.9,0,2.5,0.2,2.8,0.069,,3
6/25/2018,1:00 AM,29.3,0,2,0.2,2.2,0.07,,1
6/25/2018,2:00 AM,31.9,0,0.9,0.2,1.2,0.067,,5
6/25/2018,3:00 AM,30.3,0,1.2,0.3,1.5,0.039,,4
6/25/2018,4:00 AM,29.6,0,1.3,0,1.4,0.038,,2
6/25/2018,5:00 AM,27,0,3.1,0.7,3.9,0.051,,1
6/25/2018,6:00 AM,26.9,0,6.5,2.9,9.5,0.07,,4
6/25/2018,7:00 AM,29.3,0,5.7,3.5,9.3,0.109,,7
6/25/2018,8:00 AM,31.9,0,4.9,3.6,8.5,0.162,,10
6/25/2018,9:00 AM,34.7,0,4.2,2.7,7,0.131,,7
6/25/2018,10:00 AM,,,,,,,,
6/25/2018,11:00 AM,34.1,0,3.1,2.9,6,0.117,,2
6/25/2018,12:00 PM,34.2,0,2.6,3.1,5.7,0.118,,4
6/25/2018,1:00 PM,33.1,0,2.9,2.7,5.7,0.117,,4
6/25/2018,2:00 PM,32.2,0,2.4,2.4,4.8,0.12,,2
6/25/2018,3:00 PM,30.9,0,2.6,2.6,5.3,0.128,,3
6/25/2018,4:00 PM,30.9,0,3.1,3,6.1,0.144,,4
6/25/2018,5:00 PM,,,,,,,,5
6/25/2018,6:00 PM,31.9,0,1.7,1.3,3,0.115,,3
6/25/2018,7:00 PM,30.8,0,1.7,1.1,2.8,0.11,,3
6/25/2018,8:00 PM,30.3,0,1.1,0.7,1.8,0.11,,6
6/25/2018,9:00 PM,29.7,0,1.2,0.8,2,0.11,,6
6/25/2018,10:00 PM,29.5,0,1.2,0.6,1.8,0.104,,3
6/25/2018,11:00 PM,29.1,0,1.1,0.4,1.6,0.102,,3
6/25/2018,24:00 AM,29.4,0,1,0.6,1.6,,,4
6/26/2018,1:00 AM,29.9,0,0.7,0.1,0.8,,,3
6/26/2018,2:00 AM,28.9,0,1.1,0.2,1.3,,,4
6/26/2018,3:00 AM,26.5,0,2.6,0.3,3,,,9
6/26/2018,4:00 AM,24.3,0,4.8,0.2,5.1,,,7
6/26/2018,5:00 AM,24.6,0,5,0.5,5.6,,,7
6/26/2018,6:00 AM,20.4,0,8,2.8,10.9,,,5
6/26/2018,7:00 AM,20.9,0,8.8,5.8,14.7,,,5
6/26/2018,8:00 AM,23.8,0.1,8.7,6.3,15,,,5
6/26/2018,9:00 AM,25,0.1,8.1,6.9,15,,,8
6/26/2018,10:00 AM,27.1,0,7.2,5.1,12.4,,,5
6/26/2018,11:00 AM,30.6,0.1,5.2,4.2,9.5,,,6
6/26/2018,12:00 PM,32,0,3.6,3.1,6.8,,,8
6/26/2018,1:00 PM,34.2,0,2.4,1.6,4.1,,,5
6/26/2018,2:00 PM,33.3,0,2.6,1.8,4.5,,,4
6/26/2018,3:00 PM,33.5,0,2.2,1.6,3.9,,,4
6/26/2018,4:00 PM,,,,,,,,4
6/26/2018,5:00 PM,27.9,0,6.2,3.9,10.2,,,6
6/26/2018,6:00 PM,28.9,0,5.3,2.3,7.6,,,6
6/26/2018,7:00 PM,31.1,0,3.7,1.1,4.9,,,3
6/26/2018,8:00 PM,27.2,0,4.6,0.8,5.5,,,7
6/26/2018,9:00 PM,24.2,0,5.5,1.2,6.7,,,6
6/26/2018,10:00 PM,22.7,0,4.8,0.4,5.3,,,6
6/26/2018,11:00 PM,20.6,0,5.4,0.3,5.7,,,4
6/26/2018,24:00 AM,18.6,0,5.2,0.3,5.6,,,1
6/27/2018,1:00 AM,19.8,0,4.1,0.1,4.3,,,4
6/27/2018,2:00 AM,17.6,0,5.1,0.1,5.3,,,6
6/27/2018,3:00 AM,15.4,0,6,0.2,6.2,,,6
6/27/2018,4:00 AM,9.1,0,6.5,0.7,7.3,,,5
6/27/2018,5:00 AM,4.5,0,10.6,4.2,14.8,,,7
6/27/2018,6:00 AM,6.3,0.2,11.4,9.5,21,,,6
6/27/2018,7:00 AM,14.4,0.5,11.6,14.8,26.4,,,10
6/27/2018,8:00 AM,18.7,0.3,10.3,6.6,17,,,10
6/27/2018,9:00 AM,21.1,0.1,8.8,6.8,15.7,,,9
6/27/2018,10:00 AM,23.8,0.2,6.8,6.1,13,,,6
6/27/2018,11:00 AM,29.2,0.3,4.7,5.6,10.3,,,4
6/27/2018,12:00 PM,30.6,0.2,4.5,3.1,7.7,,,2
6/27/2018,1:00 PM,30,0.1,5.2,4,9.3,,,3
6/27/2018,2:00 PM,29.5,0.1,5.7,4.4,10.1,,,6
6/27/2018,3:00 PM,,,,,,,,6
6/27/2018,4:00 PM,26.9,0,5.1,3.3,8.4,,,6
6/27/2018,5:00 PM,23.9,0,4.4,3,7.4,,,4
6/27/2018,6:00 PM,26.3,0,2.3,1.7,4.1,,,7
6/27/2018,7:00 PM,27.9,0,2.1,1,3.2,,,4
6/27/2018,8:00 PM,28.7,0,2.5,0.7,3.3,,,4
6/27/2018,9:00 PM,29.2,0,2.8,0.7,3.5,,,3
6/27/2018,10:00 PM,29.8,0,1.9,0.4,2.4,,,2
6/27/2018,11:00 PM,30.2,0,1.2,0.1,1.4,,,5
6/27/2018,24:00 AM,29.7,0,1.7,0,1.7,,,5
6/28/2018,1:00 AM,31.6,0,1.3,0,1.3,,,4
6/28/2018,2:00 AM,31.9,0,0.7,0.2,0.9,,,3
6/28/2018,3:00 AM,31.6,0,0.9,0.2,1.2,,,3
6/28/2018,4:00 AM,32.3,0,1,0.5,1.5,,,3
6/28/2018,5:00 AM,27.7,0,4.8,1.2,6,,,5
6/28/2018,6:00 AM,24.6,0,7.6,2.8,10.4,,,5
6/28/2018,7:00 AM,26.3,0,7.5,2.8,10.3,,,5
6/28/2018,8:00 AM,25.9,0,7.9,4.2,12.1,,,7
6/28/2018,9:00 AM,25.2,0,8,4.4,12.4,,,6
6/28/2018,10:00 AM,27.1,0,6.9,4.3,11.2,,,5
6/28/2018,11:00 AM,29,0,6,4.2,10.3,,,6
6/28/2018,12:00 PM,30.2,0,5.1,3.6,8.7,,,8
6/28/2018,1:00 PM,29.2,0,4,3.5,7.5,,,7
6/28/2018,2:00 PM,,,,,,,,7
6/28/2018,3:00 PM,26.1,0,5.8,5,10.8,,,8
6/28/2018,4:00 PM,26.4,0,3.4,2.8,6.2,,,6
6/28/2018,5:00 PM,27.7,0,2.9,2.5,5.4,,,7
6/28/2018,6:00 PM,29.7,0,2.8,1.7,4.5,,,6
6/28/2018,7:00 PM,29.1,0,2.7,0.7,3.5,,,5
6/28/2018,8:00 PM,27.2,0,2.5,0.5,3,,,2
6/28/2018,9:00 PM,26.2,0,3.5,0.7,4.2,,,4
6/28/2018,10:00 PM,24.4,0,4.9,0.4,5.3,,,5
6/28/2018,11:00 PM,5,0.3,24.9,15.8,40.8,,,5
6/28/2018,24:00 AM,12.3,0,16.3,3.9,20.2,,,6
6/29/2018,1:00 AM,23.2,0,3.7,0.3,4,,,4
6/29/2018,2:00 AM,17.7,0,9.2,0.2,9.4,,,6
6/29/2018,3:00 AM,18.2,0,8.5,0.2,8.7,,,6
6/29/2018,4:00 AM,17,0,9.5,0.4,9.9,,,6
6/29/2018,5:00 AM,16.5,0,10.5,0.7,11.3,,,6
6/29/2018,6:00 AM,15.4,0,11.2,1.9,13.2,,,5
6/29/2018,7:00 AM,8.7,0.2,18.7,12.4,31.2,,,5
6/29/2018,8:00 AM,7.1,0.4,22,16.7,38.7,,,8
6/29/2018,9:00 AM,10.5,0.7,18.7,19.5,38.2,,,5
6/29/2018,10:00 AM,15.6,0.3,11.5,6.8,18.3,,,2
6/29/2018,11:00 AM,18.7,0.1,8.5,4.5,13.1,,,4
6/29/2018,12:00 PM,23.7,0,5.3,2.2,7.6,,,5
6/29/2018,1:00 PM,,,,,,,,6
6/29/2018,2:00 PM,27.2,0,5,3.3,8.3,,,8
6/29/2018,3:00 PM,27.6,0,3.6,1.7,5.3,,,5
6/29/2018,4:00 PM,28.3,0,2.9,1.8,4.8,,,6
6/29/2018,5:00 PM,24.9,0.1,6.5,4,10.5,,,8
6/29/2018,6:00 PM,14,0.3,16.1,12.7,28.9,,,7
6/29/2018,7:00 PM,3.7,1.8,24.9,66.8,91.7,,,10
6/29/2018,8:00 PM,10.3,0.6,17.7,19.8,37.5,,,8
6/29/2018,9:00 PM,20.7,0.2,6.9,5.5,12.4,,,6
6/29/2018,10:00 PM,12.4,0.1,14.1,8,22.2,,,9
6/29/2018,11:00 PM,3.8,0.6,21.1,26.4,47.5,,,6
6/29/2018,24:00 AM,7.8,0,14.5,1.6,16.2,,,3
6/30/2018,1:00 AM,11.9,0,9.5,1.9,11.4,,,2
6/30/2018,2:00 AM,16.4,0,2.7,0.3,3,,,3
6/30/2018,3:00 AM,19.2,0,1.5,0.2,1.7,,,
6/30/2018,4:00 AM,21.2,0,1.6,0.3,2,,,
6/30/2018,5:00 AM,19.9,0,1.6,0.6,2.2,,,2
6/30/2018,6:00 AM,18,0,3.7,1.5,5.3,,,1
6/30/2018,7:00 AM,19.3,0,3.8,1.7,5.6,,,2
6/30/2018,8:00 AM,21.3,0,2.9,1.4,4.4,,,5
6/30/2018,9:00 AM,19.6,0,3.2,2.3,5.6,,,7
6/30/2018,10:00 AM,14.2,0,6.1,4.8,10.9,,,5
6/30/2018,11:00 AM,11.2,0,8.4,5.5,13.9,,,2
6/30/2018,12:00 PM,,,,,,,,2
6/30/2018,1:00 PM,11.3,0,7.5,6.6,14.1,,,4
6/30/2018,2:00 PM,14.8,0,5.2,5.7,10.9,,,5
6/30/2018,3:00 PM,22.2,0,1.1,1.7,2.9,,,4
6/30/2018,4:00 PM,27.9,0,1.4,1.5,3,,,1
6/30/2018,5:00 PM,28.6,0,1.5,1.4,2.9,,,0
6/30/2018,6:00 PM,27.6,0,1.4,1,2.4,,,0
6/30/2018,7:00 PM,26.1,0,1.5,1,2.5,,,2
6/30/2018,8:00 PM,24.3,0,1.3,0.9,2.3,,,4
6/30/2018,9:00 PM,23.5,0,1,0.6,1.6,,,6
6/30/2018,10:00 PM,24.9,0,1.1,0.4,1.5,,,5
6/30/2018,11:00 PM,24.9,0,2,0.4,2.5,,,2
6/30/2018,24:00 AM,22.5,0,2.5,0.7,3.2,,,3
7/1/2018,1:00 AM,20.8,-0.2,0.5,0.5,1.1,,,5
7/1/2018,2:00 AM,18.7,-0.2,1.8,0.4,2.2,,,5
7/1/2018,3:00 AM,22.6,-0.2,0.4,0.2,0.6,,,3
7/1/2018,4:00 AM,25.3,-0.2,-1.4,0.2,-1.1,,,3
7/1/2018,5:00 AM,24,-0.2,-1.3,0.4,-0.8,,,3
7/1/2018,6:00 AM,22.3,-0.2,-0.7,0.3,-0.3,,,2
7/1/2018,7:00 AM,21.9,-0.3,-0.4,0.9,0.4,,,0
7/1/2018,8:00 AM,21.6,-0.3,-0.6,1.2,0.5,,,0
7/1/2018,9:00 AM,21.6,-0.3,0,1.5,1.4,,,3
7/1/2018,10:00 AM,25.2,-0.2,-0.2,1.8,1.6,,,5
7/1/2018,11:00 AM,,,,,,,,2
7/1/2018,12:00 PM,32.9,-0.3,-0.8,1.1,0.2,,,0
7/1/2018,1:00 PM,32.8,-0.2,-0.6,1.2,0.6,,,5
7/1/2018,2:00 PM,33.9,-0.2,-1.1,0.8,-0.2,,,5
7/1/2018,3:00 PM,35.1,-0.2,-1.3,0.6,-0.6,,,3
7/1/2018,4:00 PM,34.5,-0.2,-0.6,0.9,0.3,,,2
7/1/2018,5:00 PM,36.2,-0.2,-1,0.5,-0.4,,,2
7/1/2018,6:00 PM,34.8,-0.2,-1.1,0.7,-0.4,,,1
7/1/2018,7:00 PM,34.2,-0.2,-0.6,0.8,0.1,,,5
7/1/2018,8:00 PM,32.7,-0.2,-0.6,0.9,0.2,,,4
7/1/2018,9:00 PM,31.5,-0.3,-0.1,0.7,0.6,,,5
7/1/2018,10:00 PM,30.1,-0.3,0,0.5,0.5,,,5
7/1/2018,11:00 PM,29,-0.2,0.7,0.5,1.2,,,3
7/1/2018,24:00 AM,28.4,-0.3,0.6,0.2,0.8,,,0
7/2/2018,1:00 AM,29.3,-0.3,-1.1,0.4,-0.6,,,4
7/2/2018,2:00 AM,27.9,-0.3,-0.8,0.2,-0.6,,,5
7/2/2018,3:00 AM,27.6,-0.3,-0.8,0.2,-0.5,,,4
7/2/2018,4:00 AM,27.5,-0.3,-0.9,0.3,-0.6,,,3
7/2/2018,5:00 AM,27.1,-0.2,-0.9,0.5,-0.3,,,3
7/2/2018,6:00 AM,25.5,-0.2,0.2,0.9,1.1,,,4
7/2/2018,7:00 AM,25.2,-0.2,0.3,1.4,1.8,,,7
7/2/2018,8:00 AM,25.1,-0.2,0.4,1.7,2.2,,,7
7/2/2018,9:00 AM,24.7,-0.2,0.4,2,2.5,,,4
7/2/2018,10:00 AM,,,,,,,,6
7/2/2018,11:00 AM,24.6,-0.2,0.8,2.4,3.3,,,5
7/2/2018,12:00 PM,26,-0.2,-0.5,1.5,1,,,3
7/2/2018,1:00 PM,25.5,-0.2,-0.2,2,1.7,,,2
7/2/2018,2:00 PM,25.7,-0.2,0,1.7,1.6,,,1
7/2/2018,3:00 PM,26,-0.2,-0.5,1.4,0.9,,,1
7/2/2018,4:00 PM,26.3,-0.2,-0.2,1.6,1.3,,,3
7/2/2018,5:00 PM,25.5,-0.2,0.6,1.8,2.4,,,5
7/2/2018,6:00 PM,26.3,-0.2,-0.2,1.2,0.9,,,3
7/2/2018,7:00 PM,25.1,-0.2,0.2,1.1,1.4,,,4
7/2/2018,8:00 PM,25.5,-0.2,0.1,0.7,0.9,,,3
7/2/2018,9:00 PM,23.1,-0.2,2.2,0.5,2.7,,,3
7/2/2018,10:00 PM,22.1,-0.2,2.5,0.4,3,,,12
7/2/2018,11:00 PM,17.5,-0.2,6.1,0.4,6.5,,,9
7/2/2018,24:00 AM,20.8,-0.2,1.9,0.4,2.4,,,8
7/3/2018,1:00 AM,20.9,-0.2,0.6,0.2,0.9,,,8
7/3/2018,2:00 AM,17.7,-0.2,1.1,0.5,1.6,,,7
7/3/2018,3:00 AM,9.3,-0.2,4,0.2,4.3,,,9
7/3/2018,4:00 AM,5,-0.2,6.5,0.8,7.4,,,14
7/3/2018,5:00 AM,4.6,-0.2,6.4,2.1,8.5,,,9
7/3/2018,6:00 AM,8.9,-0.1,12.2,4.8,17.1,,,10
7/3/2018,7:00 AM,9.3,0.1,9.8,15,24.8,,,10
7/3/2018,8:00 AM,8.8,1.3,12.9,23.8,36.7,,,10
7/3/2018,9:00 AM,,,,,,,,7
7/3/2018,10:00 AM,15.1,0.3,7.3,11.9,19.2,,,11
7/3/2018,11:00 AM,22.4,0.1,2.6,4.4,7,,,6
7/3/2018,12:00 PM,25.9,0.1,1.2,2.2,3.5,,,5
7/3/2018,1:00 PM,27.5,0,1.3,2.3,3.6,,,7
7/3/2018,2:00 PM,28.6,0,2,2.7,4.7,,,8
7/3/2018,3:00 PM,29.1,0,2.3,2.8,5.2,,,9
7/3/2018,4:00 PM,28.3,0,1.9,2.7,4.7,,,10
7/3/2018,5:00 PM,27.2,0,3.9,3.4,7.4,,,6
7/3/2018,6:00 PM,28,0,2.4,2,4.4,,,6
7/3/2018,7:00 PM,24.8,0,2.2,1.5,3.8,,,7
7/3/2018,8:00 PM,22.2,-0.1,3.2,0.7,4,,,6
7/3/2018,9:00 PM,19.3,-0.2,4.8,0.8,5.7,,,5
7/3/2018,10:00 PM,17.9,-0.2,4.5,0.3,4.8,,,7
7/3/2018,11:00 PM,11.1,-0.2,9,0.4,9.5,,,6
7/3/2018,24:00 AM,6.1,-0.2,12.7,0.8,13.6,,,7
7/4/2018,1:00 AM,7.1,-0.1,9.9,0.3,10.3,,,7
7/4/2018,2:00 AM,15,-0.2,4.6,0.1,4.7,,,6
7/4/2018,3:00 AM,18,-0.1,2.8,0.2,3,,,6
7/4/2018,4:00 AM,12,-0.1,6.1,0.9,7,,,8
7/4/2018,5:00 AM,7.1,0.1,10.6,15.6,26.2,,,11
7/4/2018,6:00 AM,18.5,0.7,5.8,8.5,14.3,,,11
7/4/2018,7:00 AM,22.5,0.4,3.2,2.1,5.3,,,6
7/4/2018,8:00 AM,,,,,,,,3
7/4/2018,9:00 AM,24.5,0.4,1.1,1.8,2.9,,,8
7/4/2018,10:00 AM,26.1,0,0.4,1.5,1.9,,,5
7/4/2018,11:00 AM,27.7,0,0,1,1,,,4
7/4/2018,12:00 PM,30.2,0.2,0,0.9,0.9,,,6
7/4/2018,1:00 PM,31.9,0.3,0.5,1,1.5,,,6
7/4/2018,2:00 PM,33.6,0.1,1,1.5,2.5,,,7
7/4/2018,3:00 PM,37.1,0.3,0.7,0.7,1.4,,,11
7/4/2018,4:00 PM,36.8,0.2,1.6,0.7,2.4,,,6
7/4/2018,5:00 PM,32.4,0,5.7,1.7,7.4,,,3
7/4/2018,6:00 PM,16.5,0.1,20.4,4.2,24.6,,,9
7/4/2018,7:00 PM,20.7,0,14.5,1.1,15.7,,,8
7/4/2018,8:00 PM,21.3,0,12.7,1,13.8,,,8
7/4/2018,9:00 PM,21.5,0,10.4,0.5,10.9,,,6
7/4/2018,10:00 PM,17.8,-0.1,12.1,0.4,12.6,,,11
7/4/2018,11:00 PM,17.5,-0.1,10.6,0.3,11,,,8
7/4/2018,24:00 AM,14.2,-0.1,11.4,0.3,11.7,,,8
7/5/2018,1:00 AM,10.8,-0.1,12.9,0.4,13.4,,,9
7/5/2018,2:00 AM,9.5,-0.1,13.7,0.6,14.3,,,7
7/5/2018,3:00 AM,20.4,-0.1,3.9,0.2,4.2,,,14
7/5/2018,4:00 AM,17.7,-0.1,5.5,0.1,5.7,,,17
7/5/2018,5:00 AM,11.2,0.2,12.6,1.3,13.9,,,21
7/5/2018,6:00 AM,9.8,0.7,14.4,5.8,20.2,,,20
7/5/2018,7:00 AM,,,,,,,,23
7/5/2018,8:00 AM,12.1,2.2,16.4,17.8,34.3,,,24
7/5/2018,9:00 AM,25.1,0.6,3.7,3.4,7.2,,,9
7/5/2018,10:00 AM,19,1.9,12.3,12.4,24.7,,,13
7/5/2018,11:00 AM,28.6,1,9.2,6.4,15.6,,,12
7/5/2018,12:00 PM,33.2,0.9,9.6,6.3,15.9,,,11
7/5/2018,1:00 PM,23.6,0.8,18.9,16,35,,,13
7/5/2018,2:00 PM,20.3,0.7,20.7,19.7,40.4,,,10
7/5/2018,3:00 PM,33.8,0.4,8,5.4,13.4,,,12
7/5/2018,4:00 PM,34.7,0.2,4.7,3,7.8,,,10
7/5/2018,5:00 PM,32.4,0,4.2,2.5,6.7,,,10
7/5/2018,6:00 PM,29.8,0,1.3,1.6,2.9,,,6
7/5/2018,7:00 PM,29.3,-0.1,0.6,1,1.7,,,8
7/5/2018,8:00 PM,21.2,-0.1,6,1.3,7.4,,,8
7/5/2018,9:00 PM,11.7,0,16.8,5.5,22.4,,,6
7/5/2018,10:00 PM,15.4,-0.1,8.2,1.3,9.6,,,9
7/5/2018,11:00 PM,3.3,0.3,21.8,27.6,49.5,,,9
7/5/2018,24:00 AM,17.8,-0.1,6.2,2.5,8.8,,,5
7/6/2018,1:00 AM,16,-0.2,4.5,0.3,4.9,,,4
7/6/2018,2:00 AM,15.9,-0.2,4.3,0.2,4.6,,,7
7/6/2018,3:00 AM,17,-0.2,2.1,0,2.1,,,8
7/6/2018,4:00 AM,16.4,-0.2,2.1,0.1,2.3,,,6
7/6/2018,5:00 AM,14.3,-0.2,3.7,0.3,4.1,,,5
7/6/2018,6:00 AM,,,,,,,,6
7/6/2018,7:00 AM,7.8,0,9.4,9.7,19.2,,,6
7/6/2018,8:00 AM,12.7,0,5.1,6.1,11.3,,,9
7/6/2018,9:00 AM,19.2,-0.1,1.3,2.7,4.1,,,7
7/6/2018,10:00 AM,21.5,-0.1,2,3,5.1,,,7
7/6/2018,11:00 AM,23.2,-0.1,0.8,1.8,2.7,,,8
7/6/2018,12:00 PM,23.8,-0.1,1.2,1.8,3.1,,,5
7/6/2018,1:00 PM,16.1,0,1.7,4.8,6.6,,,0
7/6/2018,2:00 PM,16.4,0.2,2.9,6.4,9.3,,,0
7/6/2018,3:00 PM,15.8,0,4,9.3,13.4,,,5
7/6/2018,4:00 PM,18.8,-0.1,0.9,3.3,4.3,,,2
7/6/2018,5:00 PM,19.8,-0.1,0,1.9,1.9,,,3
7/6/2018,6:00 PM,19.5,-0.2,-0.6,1.5,0.8,,,7
7/6/2018,7:00 PM,19.3,-0.2,-0.6,1.1,0.5,,,6
7/6/2018,8:00 PM,21.2,-0.2,-0.1,1.1,1,,,3
7/6/2018,9:00 PM,23.3,-0.2,-0.7,0.8,0,,,7
7/6/2018,10:00 PM,24.1,-0.2,-0.7,0.6,-0.1,,,5
7/6/2018,11:00 PM,24,-0.2,-0.9,0.3,-0.5,,,4
7/6/2018,24:00 AM,23.3,-0.2,-0.9,0.3,-0.5,,,4
7/7/2018,1:00 AM,23.1,-0.2,-0.7,0.2,-0.4,,,0
7/7/2018,2:00 AM,23.4,-0.2,-1.1,0.3,-0.8,,,4
7/7/2018,3:00 AM,21.9,-0.3,-0.7,0,-0.7,,,3
7/7/2018,4:00 AM,19.8,-0.2,0.8,0.3,1.2,,,2
7/7/2018,5:00 AM,,,,,,,,4
7/7/2018,6:00 AM,15.1,-0.2,0.5,0.4,0.9,,,4
7/7/2018,7:00 AM,16.2,-0.2,1.2,0.7,2,,,7
7/7/2018,8:00 AM,18.4,-0.2,1.9,1.6,3.6,,,6
7/7/2018,9:00 AM,18.6,-0.1,3,3.2,6.2,,,4
7/7/2018,10:00 AM,21.3,-0.1,2.2,3.8,6,,,4
7/7/2018,11:00 AM,22.9,-0.1,0.6,2.6,3.2,,,4
7/7/2018,12:00 PM,24.1,-0.2,0,1.4,1.5,,,4
7/7/2018,1:00 PM,24.3,-0.2,-0.3,1.4,1,,,2
7/7/2018,2:00 PM,23.3,-0.1,1.4,2.9,4.4,,,3
7/7/2018,3:00 PM,23.6,-0.1,1.1,2.4,3.5,,,2
7/7/2018,4:00 PM,21.4,-0.1,2.8,3.9,6.7,,,0
7/7/2018,5:00 PM,15.6,0.3,8.8,17.7,26.6,,,6
7/7/2018,6:00 PM,22.4,-0.1,1.6,2.4,4.1,,,3
7/7/2018,7:00 PM,22.4,-0.1,0.8,1.9,2.7,,,2
7/7/2018,8:00 PM,21.4,-0.2,1.4,1,2.4,,,5
7/7/2018,9:00 PM,11.9,0.4,12.7,17.3,30,,,6
7/7/2018,10:00 PM,10.2,-0.1,12.4,1.7,14.1,,,6
7/7/2018,11:00 PM,6.1,0,16.5,2.5,19.1,,,8
7/7/2018,24:00 AM,8.3,-0.2,11.3,0.6,12,,,5
7/8/2018,1:00 AM,6.1,-0.1,10.9,0.5,11.4,,,4
7/8/2018,2:00 AM,3.2,-0.1,12,1.1,13.1,,,4
7/8/2018,3:00 AM,2.5,-0.1,9.6,1.2,10.9,,,6
7/8/2018,4:00 AM,,,,,,,,7
7/8/2018,5:00 AM,5.6,-0.2,3.3,0.4,3.7,,,6
7/8/2018,6:00 AM,5,0,4.5,4.8,9.4,,,7
7/8/2018,7:00 AM,13.5,1.1,1.9,2.5,4.5,,,6
7/8/2018,8:00 AM,16.5,0.4,1.1,2.1,3.3,,,10
7/8/2018,9:00 AM,16.6,1.5,1.5,2,3.6,,,9
7/8/2018,10:00 AM,19.2,0.6,0.8,2.4,3.2,,,7
7/8/2018,11:00 AM,29.4,0.1,-0.3,0.9,0.5,,,5
7/8/2018,12:00 PM,28.2,0,2.1,3.6,5.7,,,8
7/8/2018,1:00 PM,30.1,0,0.9,2.3,3.3,,,6
7/8/2018,2:00 PM,18.3,0.3,8.2,9.2,17.5,,,5
7/8/2018,3:00 PM,31,0.2,4.9,3.4,8.4,,,5
7/8/2018,4:00 PM,36.7,0,2.1,1.3,3.5,,,4
7/8/2018,5:00 PM,36.8,0,2.4,1.4,3.8,,,4
7/8/2018,6:00 PM,31,0,3.2,1.6,4.9,,,6
7/8/2018,7:00 PM,28.5,0.4,4.5,1.9,6.5,,,8
7/8/2018,8:00 PM,26.6,0.4,5,1,6.1,,,6
7/8/2018,9:00 PM,22.9,0,3.2,0.6,3.9,,,8
7/8/2018,10:00 PM,22.7,0,4.1,0.4,4.6,,,5
7/8/2018,11:00 PM,22.1,0,3.7,0.2,3.9,,,4
7/8/2018,24:00 AM,23.9,0,1.3,0.4,1.8,,,5
7/9/2018,1:00 AM,23.8,-0.1,0,0.1,0.2,,,5
7/9/2018,2:00 AM,20.7,-0.1,0.2,0.1,0.3,,,5
7/9/2018,3:00 AM,,,,,,,,5
7/9/2018,4:00 AM,17.1,-0.2,1.8,0.1,2,,,8
7/9/2018,5:00 AM,13.5,-0.1,5.8,0.5,6.4,,,6
7/9/2018,6:00 AM,13.3,0.1,8.1,3.1,11.2,,,6
7/9/2018,7:00 AM,12.7,0,10.1,8.1,18.2,,,5
7/9/2018,8:00 AM,14.1,0,8.6,7.5,16.2,,,6
7/9/2018,9:00 AM,15.9,0.3,8.1,7.4,15.5,,,4
7/9/2018,10:00 AM,19,0.2,6.7,8.2,15,,,6
7/9/2018,11:00 AM,24.3,0.1,4,4.7,8.7,,,5
7/9/2018,12:00 PM,25.2,0.1,3.8,3.7,7.6,,,7
7/9/2018,1:00 PM,21.5,0,6.1,4.5,10.7,,,5
7/9/2018,2:00 PM,21.5,0,5.8,4.3,10.1,,,11
7/9/2018,3:00 PM,20.5,0,4.5,4.1,8.6,,,8
7/9/2018,4:00 PM,18.6,0,5.4,4,9.4,,,6
7/9/2018,5:00 PM,19.8,0,5.1,4,9.2,,,4
7/9/2018,6:00 PM,19.4,0,5.6,2.6,8.3,,,4
7/9/2018,7:00 PM,24.8,-0.1,2,0.8,2.8,,,3
7/9/2018,8:00 PM,26.2,-0.2,1,0.6,1.7,,,2
7/9/2018,9:00 PM,26,-0.2,0.2,0.6,0.8,,,4
7/9/2018,10:00 PM,25.5,-0.2,-0.2,0.4,0.1,,,5
7/9/2018,11:00 PM,25,-0.2,-0.6,0.2,-0.3,,,4
7/9/2018,24:00 AM,25.2,-0.2,-1.1,0.2,-0.8,,,6
7/10/2018,1:00 AM,25.3,-0.2,-0.9,0.3,-0.6,,,5
7/10/2018,2:00 AM,,,,,,,,5
7/10/2018,3:00 AM,24,-0.2,-0.7,0.2,-0.4,,,4
7/10/2018,4:00 AM,24.1,-0.3,-1,0.2,-0.7,,,5
7/10/2018,5:00 AM,22.1,-0.2,0.7,0.7,1.4,,,5
7/10/2018,6:00 AM,19.7,-0.2,3.6,2.1,5.8,,,5
7/10/2018,7:00 AM,16.8,-0.1,6.8,5.8,12.7,,,5
7/10/2018,8:00 AM,19.2,-0.1,5.2,5.5,10.8,,,3
7/10/2018,9:00 AM,21,-0.1,3.9,5.1,9,,,3
7/10/2018,10:00 AM,23.5,-0.1,2.8,4.1,7,,,3
7/10/2018,11:00 AM,24.3,-0.1,3,4.8,7.8,,,0
7/10/2018,12:00 PM,24.5,-0.1,3.1,4.6,7.8,,,4
7/10/2018,1:00 PM,25.8,-0.1,2,3.5,5.5,,,5
7/10/2018,2:00 PM,26.8,-0.1,2.1,3.2,5.4,,,4
7/10/2018,3:00 PM,28,-0.1,1.8,3,4.9,,,5
7/10/2018,4:00 PM,28.8,0,0.7,1.8,2.5,,,6
7/10/2018,5:00 PM,29.1,-0.1,0.2,1.1,1.4,,,5
7/10/2018,6:00 PM,29.8,0,-0.1,0.7,0.6,,,4
7/10/2018,7:00 PM,28.2,-0.2,0.1,0.8,0.9,,,4
7/10/2018,8:00 PM,27.2,-0.2,0.5,0.2,0.7,,,5
7/10/2018,9:00 PM,11,-0.1,14.2,1,15.2,,,4
7/10/2018,10:00 PM,9,-0.1,16.4,0.9,17.4,,,3
7/10/2018,11:00 PM,8,-0.1,16.2,2.1,18.4,,,4
7/10/2018,24:00 AM,9.5,-0.2,12.1,0.6,12.7,,,3
7/11/2018,1:00 AM,,,,,,,,3
7/11/2018,2:00 AM,9.2,-0.2,7.7,0.2,7.9,,,4
7/11/2018,3:00 AM,4.6,-0.2,10,0.8,10.8,,,3
7/11/2018,4:00 AM,3.9,-0.2,9.4,0.9,10.3,,,5
7/11/2018,5:00 AM,3.7,-0.1,8.7,2.1,10.8,,,5
7/11/2018,6:00 AM,3.8,0.1,9.8,17.8,27.6,,,6
7/11/2018,7:00 AM,11.9,0.2,6.5,10.5,17.1,,,5
7/11/2018,8:00 AM,19.2,0.2,1,2.1,3.1,,,3
7/11/2018,9:00 AM,21.6,0,0.1,1.5,1.6,,,2
7/11/2018,10:00 AM,24.2,0,-0.7,1,0.2,,,3
7/11/2018,11:00 AM,25.9,0,-0.4,1.5,1.1,,,4
7/11/2018,12:00 PM,27.2,-0.1,-0.9,0.7,-0.2,,,5
7/11/2018,1:00 PM,28.5,-0.1,-1,0.6,-0.4,,,6
7/11/2018,2:00 PM,29,-0.1,1.4,2.4,3.8,,,6
7/11/2018,3:00 PM,26.8,0.3,6.2,5.5,11.7,,,7
7/11/2018,4:00 PM,28.5,0,4.1,3.4,7.6,,,5
7/11/2018,5:00 PM,25.1,0,9.4,6.7,16.1,,,5
7/11/2018,6:00 PM,31.5,0,6.6,3.8,10.5,,,5
7/11/2018,7:00 PM,18.9,0.4,12.1,5,17.2,,,7
7/11/2018,8:00 PM,20.8,0.3,4.4,1.3,5.8,,,7
7/11/2018,9:00 PM,5.7,0,16.4,5.7,22.2,,,5
7/11/2018,10:00 PM,3.4,0,16.2,5.1,21.4,,,4
7/11/2018,11:00 PM,4.5,-0.1,13.8,2.3,16.1,,,5
7/11/2018,24:00 AM,,,,,,,,3
7/12/2018,1:00 AM,1.8,-0.1,14.6,2.7,17.3,,,6
7/12/2018,2:00 AM,3.8,-0.1,12.2,2.4,14.6,,,8
7/12/2018,3:00 AM,5.3,-0.1,10.4,1,11.4,,,6
7/12/2018,4:00 AM,4.9,-0.1,9.9,1.1,11.1,,,3
7/12/2018,5:00 AM,6.8,-0.1,8.8,1.5,10.4,,,9
7/12/2018,6:00 AM,6.5,0,9.4,8.7,18.2,,,8
7/12/2018,7:00 AM,11.9,0.1,6.6,6.5,13.1,,,7
7/12/2018,8:00 AM,19.5,0.1,1.3,1.7,3,,,8
7/12/2018,9:00 AM,19,0.6,2,4.7,6.7,,,9
7/12/2018,10:00 AM,21.5,0.3,-0.1,1.3,1.2,,,8
7/12/2018,11:00 AM,24.1,0,-0.1,1.4,1.2,,,10
7/12/2018,12:00 PM,20.1,0.1,4.5,8.3,12.9,,,7
7/12/2018,1:00 PM,18.5,0.4,8.9,12.8,21.7,,,8
7/12/2018,2:00 PM,18.8,0.4,11.3,11.7,23,,,11
7/12/2018,3:00 PM,22.1,0.2,10.9,9.6,20.6,,,9
7/12/2018,4:00 PM,22.3,0.2,11.8,10.1,21.9,,,9
7/12/2018,5:00 PM,21.7,0.3,13.7,11.3,25,,,6
7/12/2018,6:00 PM,23.9,0.2,13.4,7.5,21,,,4
7/12/2018,7:00 PM,17.7,0.5,21,14.3,35.4,,,13
7/12/2018,8:00 PM,6.3,0.3,19.4,14.8,34.3,,,11
7/12/2018,9:00 PM,1.6,0.6,23.2,37.7,60.9,,,16
7/12/2018,10:00 PM,4,0.2,19.5,11.7,31.3,,,8
7/12/2018,11:00 PM,,,,,,,,8
7/12/2018,24:00 AM,1.5,0,19.5,8.2,27.7,,,8
7/13/2018,1:00 AM,1.5,0.1,18.9,9.9,28.9,,,14
7/13/2018,2:00 AM,1.9,0,17.3,8.1,25.5,,,11
7/13/2018,3:00 AM,2.7,0,14.5,2.3,16.9,,,10
7/13/2018,4:00 AM,1.9,0,14,3.8,17.8,,,11
7/13/2018,5:00 AM,3.9,0,10.4,4.8,15.2,,,10
7/13/2018,6:00 AM,8.3,0,8.6,5.4,14.1,,,10
7/13/2018,7:00 AM,15.7,0,6.5,4.5,11.1,,,10
7/13/2018,8:00 AM,19.5,0.2,4.4,4.2,8.7,,,12
7/13/2018,9:00 AM,21.8,0.2,4,4.6,8.6,,,8
7/13/2018,10:00 AM,14.8,1.8,12.1,17,29.2,,,9
7/13/2018,11:00 AM,14.5,0.7,13.5,19.3,32.8,,,8
7/13/2018,12:00 PM,17.7,0.6,13,15.8,28.9,,,11
7/13/2018,1:00 PM,20.1,0.7,12.9,14.5,27.4,,,12
7/13/2018,2:00 PM,24.7,0.6,9.5,9,18.6,,,15
7/13/2018,3:00 PM,27.7,0.5,13,10.4,23.4,,,12
7/13/2018,4:00 PM,35.5,0.1,5.6,3.3,9,,,7
7/13/2018,5:00 PM,32.3,0.2,12.1,9.7,21.8,,,12
7/13/2018,6:00 PM,10.9,1.9,26.5,33.4,59.9,,,15
7/13/2018,7:00 PM,5,1.8,26.9,75.1,102.2,,,16
7/13/2018,8:00 PM,3.2,2.8,30.4,77.9,108.4,,,16
7/13/2018,9:00 PM,2.1,2.2,28.7,59.1,87.9,,,16
7/13/2018,10:00 PM,,,,,,,,18
7/13/2018,11:00 PM,1.1,2.1,28.9,75.2,104.1,,,19
7/13/2018,24:00 AM,1.3,2.1,27,81.2,108.3,,,15
7/14/2018,1:00 AM,1.3,1.8,24.4,66.9,91.4,,,14
7/14/2018,2:00 AM,1.5,0.6,22.3,23.4,45.8,,,14
7/14/2018,3:00 AM,2,0.1,20.5,10.4,31,,,13
7/14/2018,4:00 AM,1.5,0.1,17.8,14.5,32.4,,,10
7/14/2018,5:00 AM,3.5,0,14.7,4.7,19.5,,,9
7/14/2018,6:00 AM,9,0,9.7,4.5,14.3,,,10
7/14/2018,7:00 AM,8.9,0.4,12.9,13.8,26.8,,,10
7/14/2018,8:00 AM,12.2,0.7,11.7,14.1,25.8,,,17
7/14/2018,9:00 AM,18,0.7,8.4,10.3,18.8,,,10
7/14/2018,10:00 AM,28,0.1,-0.2,0.7,0.4,,,6
7/14/2018,11:00 AM,32.6,0,-0.4,0.6,0.2,,,5
7/14/2018,12:00 PM,28.6,0,3.9,3.6,7.5,,,7
7/14/2018,1:00 PM,31.4,0.1,5.6,3.8,9.5,,,9
7/14/2018,2:00 PM,39.2,0,1.5,1.3,2.8,,,8
7/14/2018,3:00 PM,34.4,0.1,8.4,4.5,12.9,,,8
7/14/2018,4:00 PM,38.7,0,7.4,3.3,10.8,,,8
7/14/2018,5:00 PM,37.8,0.1,11,4.8,15.8,,,8
7/14/2018,6:00 PM,5.6,4,53.7,131,184.8,,,15
7/14/2018,7:00 PM,28,1.7,25.7,16.1,41.9,,,7
7/14/2018,8:00 PM,2,6.4,56.2,165.1,221.3,,,23
7/14/2018,9:00 PM,,,,,,,,29
7/14/2018,10:00 PM,1.5,2.8,42.1,49.1,91.3,,,15
7/14/2018,11:00 PM,1.4,1.1,41.1,22.6,63.8,,,18
7/14/2018,24:00 AM,10.5,0.2,24.4,2.7,27.2,,,12
7/15/2018,1:00 AM,10.9,0,20.7,0.4,21.2,,,14
7/15/2018,2:00 AM,4.9,0,23.2,1.3,24.6,,,14
7/15/2018,3:00 AM,9.6,0,15.9,0.4,16.3,,,13
7/15/2018,4:00 AM,9,0,13.3,0.4,13.7,,,16
7/15/2018,5:00 AM,7,0,13.4,1,14.5,,,14
7/15/2018,6:00 AM,10.3,0,12.2,3.6,15.8,,,15
7/15/2018,7:00 AM,17.8,0.1,7.4,3.4,10.8,,,15
7/15/2018,8:00 AM,27.5,0.2,0.9,0.7,1.7,,,9
7/15/2018,9:00 AM,28.4,0.5,0.9,1.7,2.7,,,8
7/15/2018,10:00 AM,29.6,0.9,2.8,3,5.8,,,8
7/15/2018,11:00 AM,23.4,0.6,9,9.2,18.3,,,6
7/15/2018,12:00 PM,30.1,0.2,4.8,4.2,9.1,,,12
7/15/2018,1:00 PM,31.1,0.3,9.2,5.6,14.9,,,13
7/15/2018,2:00 PM,31.5,0.3,12.8,9.5,22.3,,,8
7/15/2018,3:00 PM,36.1,0.4,9,4.6,13.7,,,8
7/15/2018,4:00 PM,44.1,0.3,9.7,3.4,13.2,,,8
7/15/2018,5:00 PM,39.5,0.8,14.7,6.1,20.8,,,10
7/15/2018,6:00 PM,36.1,0.6,16.3,8.8,25.1,,,10
7/15/2018,7:00 PM,17.1,4,36.2,27.4,63.6,,,10
7/15/2018,8:00 PM,,,,,,,,14
7/15/2018,9:00 PM,2.6,2.7,44.7,18.1,62.8,,,14
7/15/2018,10:00 PM,4.7,2.4,39.4,17,56.5,,,11
7/15/2018,11:00 PM,8.1,0.6,32.3,7.6,40,,,9
7/15/2018,24:00 AM,11.7,0.4,25.9,5.4,31.4,,,12
7/16/2018,1:00 AM,22.9,0.1,12.2,0.2,12.4,,,13
7/16/2018,2:00 AM,20.3,0,11.1,0.2,11.3,,,11
7/16/2018,3:00 AM,16.2,0,11.8,0.2,12.1,,,15
7/16/2018,4:00 AM,11.4,0,13.3,0.2,13.5,,,9
7/16/2018,5:00 AM,9.3,0,14.3,1.1,15.4,,,9
7/16/2018,6:00 AM,8.3,0,12.7,4.9,17.6,,,12
7/16/2018,7:00 AM,14.1,0.1,10.6,5.9,16.5,,,13
7/16/2018,8:00 AM,14.6,1.3,12.8,23.9,36.8,,,17
7/16/2018,9:00 AM,9.3,2.4,15.8,30.7,46.6,,,19
7/16/2018,10:00 AM,11.1,1,14.8,25,39.9,,,14
7/16/2018,11:00 AM,13.7,1,17.1,24,41.1,,,12
7/16/2018,12:00 PM,17.2,0.7,15.7,18.4,34.2,,,10
7/16/2018,1:00 PM,27.7,0.4,12.1,8.6,20.7,,,12
7/16/2018,2:00 PM,37.9,0.4,10.3,5.1,15.4,,,11
7/16/2018,3:00 PM,42.3,0.3,10.6,4.7,15.3,,,13
7/16/2018,4:00 PM,45.9,0.2,8.6,2.9,11.6,,,12
7/16/2018,5:00 PM,51.8,0.2,6,1.9,7.9,,,6
7/16/2018,6:00 PM,45.6,0.5,8.3,2.1,10.4,,,8
7/16/2018,7:00 PM,,,,,,,,11
7/16/2018,8:00 PM,10.4,0.4,31.8,10,41.9,,,15
7/16/2018,9:00 PM,9.3,0.4,24.7,15.9,40.7,,,13
7/16/2018,10:00 PM,1.4,0.7,30.6,36.4,67,,,9
7/16/2018,11:00 PM,1.6,0.3,29.5,18.4,47.9,,,12
7/16/2018,24:00 AM,1.6,0,27.8,6.9,34.8,,,8
7/17/2018,1:00 AM,3.1,0,23.5,2.8,26.3,,,13
7/17/2018,2:00 AM,8.9,-0.1,14.3,0.4,14.7,,,12
7/17/2018,3:00 AM,10.3,-0.1,12.9,0.3,13.3,,,9
7/17/2018,4:00 AM,13.5,-0.1,7.7,0.3,8.1,,,10
7/17/2018,5:00 AM,16.1,-0.1,6.8,0.3,7.1,,,16
7/17/2018,6:00 AM,13.4,0,7.6,2.5,10.2,,,12
7/17/2018,7:00 AM,12.3,0.1,11.7,9,20.7,,,13
7/17/2018,8:00 AM,17,0,8.5,6.9,15.4,,,11
7/17/2018,9:00 AM,11,1.4,17,30.2,47.2,,,19
7/17/2018,10:00 AM,22.1,0.1,6.1,6.4,12.6,,,11
7/17/2018,11:00 AM,29.1,0.1,5.6,4.2,9.9,,,9
7/17/2018,12:00 PM,25,0.2,7.7,7.2,14.9,,,8
7/17/2018,1:00 PM,20.7,0.2,4.8,6,10.8,,,12
7/17/2018,2:00 PM,21,0,3.9,5.3,9.2,0.134,,12
7/17/2018,3:00 PM,21,0,5.2,5.6,10.9,0.139,,14
7/17/2018,4:00 PM,23.3,0,3.7,4.1,7.8,0.151,,12
7/17/2018,5:00 PM,24.1,-0.1,2.7,3.4,6.1,0.151,,7
7/17/2018,6:00 PM,,,,,,,,6
7/17/2018,7:00 PM,20.5,-0.1,1.3,1.6,2.9,0.122,,5
7/17/2018,8:00 PM,19.3,-0.1,2.4,1.1,3.6,0.127,,5
7/17/2018,9:00 PM,18,-0.1,4,0.8,4.8,0.125,,6
7/17/2018,10:00 PM,21.3,-0.2,1.6,0.5,2.2,0.111,,5
7/17/2018,11:00 PM,21.1,-0.2,0.4,0.2,0.6,0.101,,4
7/17/2018,24:00 AM,19,-0.2,0.5,0.3,0.8,0.099,,4
7/18/2018,1:00 AM,18.8,-0.2,-0.4,0.1,-0.3,0.099,,6
7/18/2018,2:00 AM,15.8,-0.2,1.9,0.1,2.1,0.103,,8
7/18/2018,3:00 AM,17.3,-0.2,1,0,1.1,0.094,,9
7/18/2018,4:00 AM,16.5,-0.2,1.5,0,1.6,0.096,,6
7/18/2018,5:00 AM,14.4,-0.2,4.9,0.6,5.5,0.108,,3
7/18/2018,6:00 AM,15.2,-0.2,6.4,3.3,9.7,0.139,,4
7/18/2018,7:00 AM,15.1,-0.1,5.2,5.7,10.9,0.142,,6
7/18/2018,8:00 AM,16.3,-0.1,4.4,6.8,11.2,0.152,,8
7/18/2018,9:00 AM,16.2,-0.1,4.6,8.2,12.8,0.139,,5
7/18/2018,10:00 AM,16.7,-0.1,2.7,5.9,8.7,0.123,,3
7/18/2018,11:00 AM,17.1,-0.1,1.3,3.8,5.2,0.112,,6
7/18/2018,12:00 PM,17.1,0.2,1.9,4.5,6.4,0.125,,9
7/18/2018,1:00 PM,18.4,0,3.2,5.9,9.1,0.136,,8
7/18/2018,2:00 PM,20.9,0.2,2,4.6,6.6,0.124,,6
7/18/2018,3:00 PM,19.9,0,3.1,5.2,8.3,0.134,,7
7/18/2018,4:00 PM,20.9,0,2.2,4.1,6.3,0.138,,7
7/18/2018,5:00 PM,,,,,,,,7
7/18/2018,6:00 PM,20.3,-0.1,0.4,1.9,2.3,0.122,,4
7/18/2018,7:00 PM,20,-0.1,0.6,1.4,2.1,0.122,,3
7/18/2018,8:00 PM,20.2,-0.2,0.2,1.2,1.4,0.12,,3
7/18/2018,9:00 PM,20.1,-0.2,-0.2,0.9,0.6,0.108,,3
7/18/2018,10:00 PM,19.1,-0.2,0.2,0.6,0.9,0.114,,3
7/18/2018,11:00 PM,19.9,-0.2,-0.4,0.5,0.1,0.1,,2
7/18/2018,24:00 AM,19.7,-0.2,-0.9,0.3,-0.5,0.094,,1
7/19/2018,1:00 AM,19.5,-0.2,-1.1,0.2,-0.9,0.095,,2
7/19/2018,2:00 AM,19.3,-0.2,-1.2,0.3,-0.9,0.095,,0
7/19/2018,3:00 AM,19.1,-0.2,-1.1,0.2,-0.9,0.098,,8
7/19/2018,4:00 AM,18.7,-0.2,-0.5,0.5,0,0.101,,6
7/19/2018,5:00 AM,16.7,-0.2,1.9,1.5,3.5,0.081,,5
7/19/2018,6:00 AM,12.8,-0.1,5.9,4.7,10.7,0.113,,5
7/19/2018,7:00 AM,11.9,0,8.5,8.3,16.9,0.169,,6
7/19/2018,8:00 AM,14.2,0,6.2,7,13.2,0.165,,6
7/19/2018,9:00 AM,14.4,0.4,6.8,7.7,14.5,0.144,,7
7/19/2018,10:00 AM,18.7,0.1,4.1,6.6,10.7,0.128,,9
7/19/2018,11:00 AM,20,0.2,5,6.2,11.3,0.121,,9
7/19/2018,12:00 PM,20.8,0.1,4.1,6.8,11,0.13,,7
7/19/2018,1:00 PM,15.4,0.3,8.4,15.3,23.8,0.12,,6
7/19/2018,2:00 PM,19.7,0,4.3,7.8,12.2,0.119,,5
7/19/2018,3:00 PM,20.9,0,2.3,4.1,6.5,0.135,,6
7/19/2018,4:00 PM,,,,,,,,8
7/19/2018,5:00 PM,22.7,-0.1,1.9,3.2,5.1,0.125,,10
7/19/2018,6:00 PM,21.1,-0.1,1.2,2.2,3.5,0.125,,7
7/19/2018,7:00 PM,21.7,-0.1,0,1.2,1.3,0.104,,9
7/19/2018,8:00 PM,22.3,-0.2,0,0.9,0.8,0.098,,7
7/19/2018,9:00 PM,23,-0.2,1.1,0.5,1.7,0.094,,5
7/19/2018,10:00 PM,24.4,-0.2,0,0.4,0.3,0.085,,5
7/19/2018,11:00 PM,25.4,-0.2,-0.6,0.4,-0.2,0.079,,5
7/19/2018,24:00 AM,26,-0.2,-1.1,0.4,-0.6,0.076,,3
7/20/2018,1:00 AM,25.3,-0.2,-1.3,0.2,-1.1,0.076,,7
7/20/2018,2:00 AM,24.3,-0.2,-1.1,0,-1,0.077,,6
7/20/2018,3:00 AM,22.5,-0.2,-0.1,0.5,0.4,0.079,,6
7/20/2018,4:00 AM,21.6,-0.2,0,0.1,0.2,0.081,,5
7/20/2018,5:00 AM,17.8,-0.2,3.1,1.4,4.5,0.102,,4
7/20/2018,6:00 AM,11.3,-0.1,8.9,6.3,15.3,0.162,,5
7/20/2018,7:00 AM,14.7,-0.1,6.5,5.3,11.8,0.167,,7
7/20/2018,8:00 AM,17.1,0,5.5,5.8,11.4,0.154,,8
7/20/2018,9:00 AM,16.9,0.8,6.3,10.3,16.7,0.16,,7
7/20/2018,10:00 AM,18.3,0.8,6.4,9.6,16.1,0.147,,7
7/20/2018,11:00 AM,23.3,-0.1,0.9,2.7,3.7,0.098,,6
7/20/2018,12:00 PM,26.6,0,0.7,2.2,3,0.089,,6
7/20/2018,1:00 PM,30.9,0,0,1.1,1.1,0.088,,5
7/20/2018,2:00 PM,33.7,0,0,1.3,1.2,0.095,,6
7/20/2018,3:00 PM,,,,,,,,6
7/20/2018,4:00 PM,32,0,2.1,2.3,4.4,0.121,,7
7/20/2018,5:00 PM,28.8,0,7.4,5.1,12.5,0.165,,7
7/20/2018,6:00 PM,27.2,0.2,10.9,9.1,20.1,0.136,,9
7/20/2018,7:00 PM,12.3,0.7,19.4,24.4,43.9,0.111,,10
7/20/2018,8:00 PM,11.1,0.2,15.3,9.4,24.7,0.113,,9
7/20/2018,9:00 PM,16.9,0,7.2,6.7,13.9,0.121,,5
7/20/2018,10:00 PM,17.1,0,7.2,4.6,11.9,0.116,,5
7/20/2018,11:00 PM,18.6,-0.1,3.7,0.7,4.5,0.111,,7
7/20/2018,24:00 AM,17.3,-0.1,4.7,0.4,5.1,0.096,,6
7/21/2018,1:00 AM,18.9,-0.2,1.4,0,1.4,0.099,,5
7/21/2018,2:00 AM,12.9,-0.2,3.8,0,3.9,0.126,,7
7/21/2018,3:00 AM,9.4,-0.1,6.1,0.3,6.5,0.146,,7
7/21/2018,4:00 AM,13.1,-0.2,5.3,0.5,5.9,0.113,,6
7/21/2018,5:00 AM,14.1,-0.2,3.6,0.4,4.1,0.087,,6
7/21/2018,6:00 AM,12.1,-0.1,3.5,1.4,5,0.244,,6
7/21/2018,7:00 AM,12,0,6.2,5.5,11.7,0.177,,6
7/21/2018,8:00 AM,13.4,0.1,5.2,7.7,13,0.141,,9
7/21/2018,9:00 AM,16.6,0.1,4.5,6.9,11.4,0.139,,7
7/21/2018,10:00 AM,18.9,0.2,3.3,4.9,8.2,0.141,,5
7/21/2018,11:00 AM,19.5,0.2,3.8,5.7,9.5,0.144,,7
7/21/2018,12:00 PM,21.4,0.2,3.6,5.1,8.8,0.136,,5
7/21/2018,1:00 PM,18.2,0.2,6.4,8.2,14.6,0.171,,6
7/21/2018,2:00 PM,,,,,,,,10
7/21/2018,3:00 PM,24.8,0.1,6.1,6,12.1,0.158,,6
7/21/2018,4:00 PM,28.6,0.1,3.9,3.6,7.5,0.146,,5
7/21/2018,5:00 PM,28.1,0.1,4.6,3.2,7.9,0.16,,6
7/21/2018,6:00 PM,25.4,0.2,7.9,4.6,12.5,0.16,,6
7/21/2018,7:00 PM,3.1,5.2,32.5,104.8,137.3,0.173,,19
7/21/2018,8:00 PM,2.1,2.8,29.8,58.3,88.2,0.163,,15
7/21/2018,9:00 PM,2.5,1.9,24.6,39,63.6,0.181,,12
7/21/2018,10:00 PM,1.7,1.6,26.5,33,59.5,0.158,,11
7/21/2018,11:00 PM,4.4,0.3,21.7,4.5,26.3,0.15,,10
7/21/2018,24:00 AM,2.6,0.3,22.6,10.7,33.4,0.173,,10
7/22/2018,1:00 AM,8.2,0,13.7,1.1,14.8,0.186,,8
7/22/2018,2:00 AM,4.8,0,13.7,1.2,14.9,0.216,,8
7/22/2018,3:00 AM,7.4,-0.1,9.2,0.3,9.6,0.205,,9
7/22/2018,4:00 AM,5.3,-0.1,9.5,0.4,9.9,0.217,,10
7/22/2018,5:00 AM,8.1,-0.1,8.1,0.7,8.8,0.184,,8
7/22/2018,6:00 AM,4.6,0,10.3,6.5,16.8,0.275,,7
7/22/2018,7:00 AM,9.5,0.3,8.3,8,16.4,0.245,,14
7/22/2018,8:00 AM,18,0.9,2.1,2.4,4.5,0.14,,13
7/22/2018,9:00 AM,19.9,0.5,0.5,1.7,2.2,0.12,,7
7/22/2018,10:00 AM,23.3,0.3,0.6,1.6,2.2,0.125,,5
7/22/2018,11:00 AM,29.1,0.3,-0.1,0.9,0.7,0.117,,7
7/22/2018,12:00 PM,29.7,0.1,-0.2,0.8,0.5,0.12,,9
7/22/2018,1:00 PM,,,,,,,,10
7/22/2018,2:00 PM,32.6,0.4,4.7,3.3,8.1,0.179,,9
7/22/2018,3:00 PM,36.5,0.2,4.1,2.2,6.4,0.198,,10
7/22/2018,4:00 PM,32.6,0.2,6.3,3.4,9.8,0.217,,7
7/22/2018,5:00 PM,33.4,0.3,9.7,4.5,14.3,0.182,,13
7/22/2018,6:00 PM,27.2,0.2,13.5,6.1,19.7,0.182,,7
7/22/2018,7:00 PM,24.5,0.1,15.7,4.2,20,0.184,,12
7/22/2018,8:00 PM,14.9,0.1,19.1,3.9,23.1,0.191,,7
7/22/2018,9:00 PM,6.9,0,20.7,4.9,25.6,0.178,,8
7/22/2018,10:00 PM,4.4,0,19.3,3.7,23,0.172,,9
7/22/2018,11:00 PM,7.7,-0.1,14.4,1.3,15.8,0.164,,6
7/22/2018,24:00 AM,6,0,15.1,5,20.2,0.175,,5
7/23/2018,1:00 AM,13.2,-0.1,4.8,0.6,5.5,0.151,,6
7/23/2018,2:00 AM,4.5,-0.1,12.9,0.6,13.5,0.201,,10
7/23/2018,3:00 AM,4.6,-0.1,11.7,0.5,12.2,0.183,,9
7/23/2018,4:00 AM,8.8,-0.1,7.4,0.3,7.7,0.146,,7
7/23/2018,5:00 AM,5.4,-0.1,9.4,1,10.4,0.195,,10
7/23/2018,6:00 AM,5.2,0,11.3,7,18.3,0.249,,6
7/23/2018,7:00 AM,5.7,0.5,17.5,27.3,44.8,0.448,,12
7/23/2018,8:00 AM,8,0.7,20.5,33.8,54.3,0.44,,16
7/23/2018,9:00 AM,8.6,2.7,18.8,37.6,56.5,0.315,,13
7/23/2018,10:00 AM,12.7,0.5,14.7,21.2,36,0.3,,8
7/23/2018,11:00 AM,18.6,0.9,12.7,13.4,26.2,0.259,,12
7/23/2018,12:00 PM,,,,,,,,9
7/23/2018,1:00 PM,33.7,0.4,5.8,3.8,9.6,0.182,,8
7/23/2018,2:00 PM,36.7,0.9,8,4.9,12.9,0.195,,16
7/23/2018,3:00 PM,32.3,0.9,9.2,5.6,14.9,0.205,,9
7/23/2018,4:00 PM,30.9,0.4,5.5,3.2,8.8,0.186,,8
7/23/2018,5:00 PM,28.1,0.4,5.3,3.4,8.8,0.186,,9
7/23/2018,6:00 PM,20.9,0.1,6.7,6.9,13.6,0.148,,9
7/23/2018,7:00 PM,9.6,0.2,15.3,13.4,28.8,0.16,,11
7/23/2018,8:00 PM,9.4,0,12.5,5.8,18.4,0.136,,6
7/23/2018,9:00 PM,5.3,0,16.2,5.4,21.6,0.139,,5
7/23/2018,10:00 PM,7.3,0,14.5,3.8,18.3,0.127,,6
7/23/2018,11:00 PM,18.5,-0.1,4.8,1.1,5.9,0.113,,6
7/23/2018,24:00 AM,19.3,-0.2,4.8,0.2,5,0.114,,5
7/24/2018,1:00 AM,20.3,-0.1,3.1,0.2,3.4,0.124,,4
7/24/2018,2:00 AM,13.8,-0.2,5.6,0.4,6,0.128,,11
7/24/2018,3:00 AM,18.9,-0.2,1.6,0.2,1.9,0.108,,8
7/24/2018,4:00 AM,16.7,-0.2,0.9,0.1,1,0.109,,8
7/24/2018,5:00 AM,11.8,-0.2,3.5,0.2,3.8,0.131,,7
7/24/2018,6:00 AM,7.6,0,9.9,6.7,16.6,0.193,,4
7/24/2018,7:00 AM,6.6,0.6,12.3,21.2,33.6,0.29,,11
7/24/2018,8:00 AM,7.9,2.5,13.1,23.3,36.4,0.314,,10
7/24/2018,9:00 AM,10.1,2.9,14.2,24.8,39.1,0.33,,7
7/24/2018,10:00 AM,15.8,0.6,8.4,13,21.4,0.243,,12
7/24/2018,11:00 AM,,,,,,,,11
7/24/2018,12:00 PM,19.9,0.3,7.5,8.7,16.2,0.194,,10
7/24/2018,1:00 PM,30.2,0.6,7.9,5.7,13.6,0.201,,11
7/24/2018,2:00 PM,41.6,0.7,6.3,3.2,9.5,0.186,,16
7/24/2018,3:00 PM,32.1,0.4,7,4.4,11.5,0.182,,8
7/24/2018,4:00 PM,32.9,0.2,5.3,3,8.3,0.185,,7
7/24/2018,5:00 PM,27,0.1,6,3.6,9.6,0.179,,7
7/24/2018,6:00 PM,24.8,0,3.4,2.5,5.9,0.146,,5
7/24/2018,7:00 PM,23.7,-0.1,3.3,1.7,5,0.132,,7
7/24/2018,8:00 PM,23,-0.1,5,0.9,6,0.147,,10
7/24/2018,9:00 PM,25,-0.1,4.6,0.5,5.2,0.137,,7
7/24/2018,10:00 PM,25.8,-0.2,2.7,0.1,2.8,0.113,,4
7/24/2018,11:00 PM,23.3,-0.2,4.2,0.2,4.4,0.11,,4
7/24/2018,24:00 AM,20.2,-0.2,5.8,0.1,5.9,0.151,,6
7/25/2018,1:00 AM,17.3,-0.1,6,0.1,6.1,0.149,,6
7/25/2018,2:00 AM,16.4,-0.2,3.4,0,3.4,0.125,,5
7/25/2018,3:00 AM,13.3,-0.2,3.6,0,3.6,0.12,,6
7/25/2018,4:00 AM,10,-0.2,4.2,0.2,4.5,0.114,,7
7/25/2018,5:00 AM,5.5,-0.1,8.2,0.9,9.1,0.217,,6
7/25/2018,6:00 AM,4.7,0,8.9,6.3,15.2,0.199,,7
7/25/2018,7:00 AM,7.7,0,8.9,10.8,19.7,0.227,,13
7/25/2018,8:00 AM,13.1,0.1,8.7,9.1,17.9,0.232,,8
7/25/2018,9:00 AM,7.9,1.1,14.3,31.2,45.5,0.325,,9
7/25/2018,10:00 AM,,,,,,,,15
7/25/2018,11:00 AM,16.1,2.1,14.3,17.2,31.5,0.241,,12
7/25/2018,12:00 PM,28.6,0.4,7,6,13.1,0.183,,8
7/25/2018,1:00 PM,32.3,1.1,9.4,6.2,15.6,0.167,,7
7/25/2018,2:00 PM,34.2,0.8,7.6,4.9,12.5,0.187,,11
7/25/2018,3:00 PM,36.8,0.4,7.7,4,11.8,0.187,,10
7/25/2018,4:00 PM,39.1,0.5,7.9,3.5,11.4,0.209,,14
7/25/2018,5:00 PM,31,0.3,4.2,2.5,6.8,0.166,,13
7/25/2018,6:00 PM,24.5,0.1,6.4,3.3,9.8,0.193,,10
7/25/2018,7:00 PM,23.9,0,9.1,2.5,11.7,0.176,,6
7/25/2018,8:00 PM,24.1,-0.1,5.2,0.5,5.8,0.148,,5
7/25/2018,9:00 PM,23.3,-0.2,4.1,0.3,4.5,0.15,,5
7/25/2018,10:00 PM,22.5,-0.1,4.6,0.1,4.8,0.152,,4
7/25/2018,11:00 PM,20,-0.2,4.6,0.3,4.9,0.126,,5
7/25/2018,24:00 AM,15.2,-0.2,5.9,0.3,6.2,0.15,,8
7/26/2018,1:00 AM,12.6,-0.2,5.5,0.3,5.8,0.142,,10
7/26/2018,2:00 AM,15.3,-0.1,2.1,0.2,2.4,0.1,,7
7/26/2018,3:00 AM,14.2,-0.2,2.1,0.1,2.3,0.09,,5
7/26/2018,4:00 AM,14.9,-0.2,1,0.3,1.3,0.089,,7
7/26/2018,5:00 AM,10.9,-0.1,4.7,0.6,5.4,0.108,,7
7/26/2018,6:00 AM,5,0,10,12,22.1,0.218,,10
7/26/2018,7:00 AM,5,0.6,14.8,30.5,45.3,0.367,,10
7/26/2018,8:00 AM,8.1,2.7,19,38.8,57.8,0.389,,12
7/26/2018,9:00 AM,,,,,,,,8
7/26/2018,10:00 AM,9.7,1,11.8,23.2,35,0.231,,6
7/26/2018,11:00 AM,13.9,1,12.1,17.8,29.9,0.23,,10
7/26/2018,12:00 PM,21,0.4,10.8,10.8,21.6,0.238,,10
7/26/2018,1:00 PM,26.7,0.6,9.3,7.2,16.6,0.193,,16
7/26/2018,2:00 PM,29.7,0.6,11.5,7.7,19.3,0.211,,13
7/26/2018,3:00 PM,29.3,0.3,10.9,6.5,17.4,0.211,,13
7/26/2018,4:00 PM,,,,,,,,13
7/26/2018,5:00 PM,,,,,,,,8
7/26/2018,6:00 PM,,,,,,,,
7/26/2018,7:00 PM,,,,,,,,15
7/26/2018,8:00 PM,8.8,0.2,17.9,9.9,27.9,0.179,,10
7/26/2018,9:00 PM,2.9,0.2,21.1,14.7,35.9,0.183,,12
7/26/2018,10:00 PM,3.4,0.1,21.7,12.6,34.3,0.222,,8
7/26/2018,11:00 PM,7.3,0.1,21.1,10.8,32,0.201,,9
7/26/2018,24:00 AM,15.2,0,11.4,1.1,12.5,0.154,,11
7/27/2018,1:00 AM,21.4,-0.1,1,0.2,1.3,0.133,,8
7/27/2018,2:00 AM,18.1,-0.1,2.5,0,2.6,0.145,,5
7/27/2018,3:00 AM,14.1,-0.1,4.3,0.2,4.6,0.156,,8
7/27/2018,4:00 AM,10.2,-0.1,5.2,0.1,5.4,0.145,,8
7/27/2018,5:00 AM,12.2,-0.2,4.2,0.3,4.5,0.127,,6
7/27/2018,6:00 AM,13.8,-0.1,3.1,0.5,3.7,0.134,,4
7/27/2018,7:00 AM,11,0,5.3,4.3,9.7,0.179,,5
7/27/2018,8:00 AM,,,,,,,,8
7/27/2018,9:00 AM,12.4,0.1,7.3,10.1,17.5,0.231,,9
7/27/2018,10:00 AM,16,0,5.1,6.8,12,0.22,,7
7/27/2018,11:00 AM,15,0.7,13.6,18.2,31.8,0.284,,12
7/27/2018,12:00 PM,25.7,0.3,9.6,7.2,16.8,0.247,,9
7/27/2018,1:00 PM,28.2,0.3,7.1,5.8,12.9,0.215,,16
7/27/2018,2:00 PM,26.9,0.4,6.4,5.6,12.1,0.234,,11
7/27/2018,3:00 PM,25.2,0.5,9.3,7.9,17.2,0.26,,8
7/27/2018,4:00 PM,22,0.2,5.3,5.4,10.7,0.2,,10
7/27/2018,5:00 PM,16.3,0.1,7.9,8.1,16,0.179,,10
7/27/2018,6:00 PM,6.8,0.8,17.1,50.1,67.3,0.201,,12
7/27/2018,7:00 PM,3.5,1.1,20.9,42,63,0.189,,9
7/27/2018,8:00 PM,2.5,0.7,21.2,30.7,51.9,0.183,,8
7/27/2018,9:00 PM,1.7,0.5,22.5,26.4,48.9,0.207,,9
7/27/2018,10:00 PM,1.4,0.7,25,39,64,0.195,,14
7/27/2018,11:00 PM,1.4,0.8,21.8,36.3,58.1,0.153,,10
7/27/2018,24:00 AM,1.7,0.7,22.6,34.3,57,0.153,,9
7/28/2018,1:00 AM,15.3,-0.1,4.7,0.6,5.3,0.127,,9
7/28/2018,2:00 AM,16,-0.2,1.8,0.4,2.2,0.12,,11
7/28/2018,3:00 AM,16.6,-0.2,0.8,0.4,1.2,0.118,,9
7/28/2018,4:00 AM,14.9,-0.2,2.1,0.1,2.3,0.113,,6
7/28/2018,5:00 AM,17.6,-0.2,0.3,0.3,0.7,0.092,,6
7/28/2018,6:00 AM,16.1,-0.2,3.1,1.2,4.3,0.101,,5
7/28/2018,7:00 AM,,,,,,,,3
7/28/2018,8:00 AM,14.7,0.5,2.8,2.8,5.6,0.142,,6
7/28/2018,9:00 AM,17,0,1.1,2.1,3.3,0.149,,5
7/28/2018,10:00 AM,18.9,-0.1,-0.2,1.2,0.9,0.121,,6
7/28/2018,11:00 AM,19.7,-0.1,0.7,2,2.7,0.124,,6
7/28/2018,12:00 PM,20.5,0,2.6,3.6,6.3,0.157,,5
7/28/2018,1:00 PM,23.6,0,0.8,1.6,2.5,0.128,,8
7/28/2018,2:00 PM,24.3,0,1.7,2.5,4.2,0.156,,9
7/28/2018,3:00 PM,24.7,0,2.4,2.8,5.2,0.158,,7
7/28/2018,4:00 PM,20.3,0,2.3,2.9,5.2,0.161,,8
7/28/2018,5:00 PM,12.7,0.6,11,36.5,47.5,0.192,,13
7/28/2018,6:00 PM,2.7,3.9,24.9,114.4,139.3,0.215,,13
7/28/2018,7:00 PM,2.3,2,20.1,74.8,95,0.258,,13
7/28/2018,8:00 PM,1.4,2.8,21.7,104.1,125.8,0.227,,15
7/28/2018,9:00 PM,1.3,2.3,24.1,90.3,114.4,0.247,,13
7/28/2018,10:00 PM,1.2,1.9,23.1,66.6,89.8,0.192,,12
7/28/2018,11:00 PM,4.1,1.7,18.2,55.5,73.7,0.195,,14
7/28/2018,24:00 AM,11.7,0,5.2,0.4,5.6,0.153,,9
7/29/2018,1:00 AM,9.6,-0.1,5.2,0.5,5.7,0.155,,10
7/29/2018,2:00 AM,10.8,-0.1,4.5,0.5,5,0.129,,6
7/29/2018,3:00 AM,12.3,-0.2,2.5,0.2,2.8,0.118,,9
7/29/2018,4:00 AM,8.7,-0.2,5.6,0,5.7,0.112,,7
7/29/2018,5:00 AM,5.5,-0.1,9.6,1.2,10.8,0.088,,5
7/29/2018,6:00 AM,,,,,,,,5
7/29/2018,7:00 AM,7.1,0,7.3,7.4,14.8,0.134,,4
7/29/2018,8:00 AM,9.1,0.1,7.4,11.7,19.1,0.189,,9
7/29/2018,9:00 AM,10.7,1.1,7.2,11.6,18.8,0.217,,10
7/29/2018,10:00 AM,10.6,2.5,7.4,13.9,21.4,0.211,,10
7/29/2018,11:00 AM,13.8,0.6,7.3,11.3,18.6,0.218,,11
7/29/2018,12:00 PM,16.2,0.5,8.6,11.1,19.7,0.217,,9
7/29/2018,1:00 PM,20.3,0.4,8.5,8.8,17.4,0.207,,8
7/29/2018,2:00 PM,29.2,0.4,4.1,3.4,7.5,0.192,,10
7/29/2018,3:00 PM,40,1,6.9,3.2,10.2,0.2,,15
7/29/2018,4:00 PM,44.2,0.7,7.4,3.3,10.8,0.207,,10
7/29/2018,5:00 PM,35.6,0.5,17.1,9.3,26.4,0.159,,15
7/29/2018,6:00 PM,38.4,0.2,9.4,3.3,12.8,0.171,,14
7/29/2018,7:00 PM,29.9,0.5,15.1,2.1,17.3,0.202,,12
7/29/2018,8:00 PM,16.9,0.3,24.2,1.9,26.2,0.228,,13
7/29/2018,9:00 PM,9.4,0.3,23.5,12.3,35.8,0.195,,10
7/29/2018,10:00 PM,4,0.5,29.8,17.8,47.6,0.255,,12
7/29/2018,11:00 PM,12.7,0,14.6,0.8,15.4,0.207,,11
7/29/2018,24:00 AM,6.6,0.1,22.2,0.6,22.9,0.198,,10
7/30/2018,1:00 AM,5.4,0,20,1,21.1,0.237,,15
7/30/2018,2:00 AM,11.1,0,8.3,0.3,8.6,0.123,,12
7/30/2018,3:00 AM,9.3,-0.1,10.4,0.4,10.8,0.156,,10
7/30/2018,4:00 AM,5.7,0,11.3,0.6,12,0.139,,14
7/30/2018,5:00 AM,,,,,,,,9
7/30/2018,6:00 AM,5.1,0,14.7,7.6,22.4,0.233,,10
7/30/2018,7:00 AM,9.8,0.1,11.3,8,19.4,0.23,,6
7/30/2018,8:00 AM,23.2,0.1,6.3,3.4,9.7,0.199,,8
7/30/2018,9:00 AM,23.5,0.1,5.1,3.6,8.7,0.197,,11
7/30/2018,10:00 AM,26,0.1,3.8,3.1,7,0.178,,11
7/30/2018,11:00 AM,31.4,0.3,8.2,4.6,12.8,0.229,,15
7/30/2018,12:00 PM,30.6,0.4,11.6,6.6,18.2,0.255,,12
7/30/2018,1:00 PM,24.6,0.2,6.5,5.3,11.9,0.209,,12
7/30/2018,2:00 PM,22.8,0.1,5.3,5.3,10.6,0.197,,16
7/30/2018,3:00 PM,22.5,0,5.5,5.1,10.7,0.205,,10
7/30/2018,4:00 PM,23.7,0,3,2.5,5.5,0.199,,13
7/30/2018,5:00 PM,20.8,0,4.1,3.3,7.4,0.192,,9
7/30/2018,6:00 PM,16.5,0,9.4,5.9,15.4,0.189,,10
7/30/2018,7:00 PM,23.1,0,11.6,5.2,16.9,0.197,,15
7/30/2018,8:00 PM,32.9,0,1.6,0.3,2,0.181,,16
7/30/2018,9:00 PM,27.2,-0.1,2,0.9,3,0.174,,15
7/30/2018,10:00 PM,26.7,-0.1,5.3,0.4,5.8,0.176,,9
7/30/2018,11:00 PM,22.9,-0.1,11.8,0.6,12.4,0.176,,14
7/30/2018,24:00 AM,25.5,-0.1,9.3,0.6,9.9,0.143,,11
7/31/2018,1:00 AM,32.1,-0.2,-0.9,0.2,-0.7,0.131,,10
7/31/2018,2:00 AM,32.6,-0.2,-1.1,0.1,-0.9,0.13,,9
7/31/2018,3:00 AM,29.7,-0.2,0,0.2,0.1,0.124,,9
7/31/2018,4:00 AM,,,,,,,,6
7/31/2018,5:00 AM,29.2,-0.2,0.2,0.2,0.5,0.12,,7
7/31/2018,6:00 AM,24.1,-0.2,4.8,1.2,6.1,0.158,,7
7/31/2018,7:00 AM,21.5,0,7.5,4,11.6,0.183,,7
7/31/2018,8:00 AM,22.1,0.6,6.8,4.3,11.2,0.184,,9
7/31/2018,9:00 AM,23.6,0.5,5.7,4.9,10.6,0.182,,9
7/31/2018,10:00 AM,24.2,0,4.3,5.6,10,0.176,,6
7/31/2018,11:00 AM,24.5,0,2.5,3.7,6.3,0.164,,6
7/31/2018,12:00 PM,19.9,0,2.6,5.1,7.8,0.174,,7
7/31/2018,1:00 PM,20.3,0,3.6,6.1,9.8,0.188,,9
7/31/2018,2:00 PM,20.5,0,4.1,6.3,10.5,0.188,,14
7/31/2018,3:00 PM,22.4,0,2.6,3.7,6.4,0.175,,11
7/31/2018,4:00 PM,25.1,-0.1,1.7,2.4,4.2,0.174,,10
7/31/2018,5:00 PM,26.8,-0.1,2.1,2,4.1,0.196,,8
7/31/2018,6:00 PM,26.4,-0.1,2,2,4,0.176,,5
7/31/2018,7:00 PM,25.2,-0.1,1,1.2,2.3,0.16,,4
7/31/2018,8:00 PM,24.2,-0.1,-0.1,0.6,0.5,0.146,,3
7/31/2018,9:00 PM,22.3,-0.2,-0.6,0.6,0,0.13,,4
7/31/2018,10:00 PM,22.6,-0.2,-0.7,0.5,-0.1,0.12,,4
7/31/2018,11:00 PM,23.2,-0.2,-0.3,0.3,0,0.118,,1
7/31/2018,24:00 AM,22.9,-0.2,-0.5,0.2,-0.3,0.112,,4
8/1/2018,1:00 AM,21.7,-0.2,-0.5,0.3,-0.2,0.111,,5
8/1/2018,2:00 AM,21.2,-0.2,-0.8,0.1,-0.6,0.105,,3
8/1/2018,3:00 AM,,,,,,,,4
8/1/2018,4:00 AM,21.6,-0.2,-1.3,0.1,-1.1,0.101,,3
8/1/2018,5:00 AM,20.1,-0.2,0.5,0.5,1,0.081,,4
8/1/2018,6:00 AM,18.3,-0.2,2.5,1.7,4.3,0.101,,6
8/1/2018,7:00 AM,17.7,-0.1,3.3,3.1,6.4,0.113,,4
8/1/2018,8:00 AM,18.2,-0.1,2.6,4,6.6,0.119,,2
8/1/2018,9:00 AM,18.4,-0.2,1.6,3.9,5.6,0.107,,8
8/1/2018,10:00 AM,17.3,-0.1,1.9,4.7,6.6,0.114,,7
8/1/2018,11:00 AM,16.3,-0.1,2.5,5.8,8.4,0.116,,2
8/1/2018,12:00 PM,16.7,-0.1,3.2,6.8,10,0.124,,5
8/1/2018,1:00 PM,17.7,0,3.2,6.6,9.8,0.134,,4
8/1/2018,2:00 PM,18,0,3.3,6.3,9.6,0.12,,4
8/1/2018,3:00 PM,18.1,0,2.8,5.3,8.1,0.134,,7
8/1/2018,4:00 PM,16.7,0,2.1,4.5,6.6,0.124,,8
8/1/2018,5:00 PM,17.7,-0.1,0.1,2.6,2.8,0.14,,6
8/1/2018,6:00 PM,16.6,-0.1,0.5,2.6,3.2,0.135,,5
8/1/2018,7:00 PM,16.1,-0.1,0.4,1.8,2.2,0.132,,5
8/1/2018,8:00 PM,16.7,-0.2,-0.1,1.2,1.1,0.124,,4
8/1/2018,9:00 PM,17.3,-0.2,0.1,1.1,1.2,0.125,,4
8/1/2018,10:00 PM,17.1,-0.2,0.2,0.6,0.9,0.12,,3
8/1/2018,11:00 PM,17.4,-0.2,-0.6,0.5,0,0.113,,6
8/1/2018,24:00 AM,17.5,-0.2,-1.1,0.3,-0.7,0.104,,5
8/2/2018,1:00 AM,17.5,-0.2,-1.3,0.3,-0.9,0.101,,2
8/2/2018,2:00 AM,,,,,,,,0
8/2/2018,3:00 AM,17.7,-0.3,-1.3,0.2,-1.1,0.1,,6
8/2/2018,4:00 AM,17.4,-0.3,-0.9,0.2,-0.7,0.105,,4
8/2/2018,5:00 AM,15.6,-0.2,1,0.7,1.7,0.104,,2
8/2/2018,6:00 AM,9.5,-0.1,7.5,4.2,11.8,0.122,,5
8/2/2018,7:00 AM,9.4,0.3,8.4,13.8,22.3,0.156,,5
8/2/2018,8:00 AM,15.4,0,2.5,5.4,7.9,0.152,,2
8/2/2018,9:00 AM,15.3,0,3.6,6.4,10,0.156,,2
8/2/2018,10:00 AM,13,-0.1,5.1,8.1,13.2,0.158,,6
8/2/2018,11:00 AM,6,0.7,12.8,35.4,48.3,0.147,,4
8/2/2018,12:00 PM,8.6,0.7,10.5,30.2,40.8,0.155,,3
8/2/2018,1:00 PM,6.6,1.2,11.7,36,47.7,0.169,,5
8/2/2018,2:00 PM,11.8,0,5.8,9.1,14.9,0.154,,5
8/2/2018,3:00 PM,14.8,0,5.2,9.2,14.4,0.16,,6
8/2/2018,4:00 PM,16.5,-0.1,2.1,4.1,6.2,0.176,,4
8/2/2018,5:00 PM,12.7,0,5.4,9.9,15.4,0.139,,3
8/2/2018,6:00 PM,13.1,-0.1,3.7,5.3,9.1,0.132,,4
8/2/2018,7:00 PM,4.1,0.3,15.9,25.8,41.7,0.138,,4
8/2/2018,8:00 PM,11.1,-0.1,4.8,3.7,8.6,0.114,,3
8/2/2018,9:00 PM,12.1,-0.1,5.8,4.3,10.1,0.13,,2
8/2/2018,10:00 PM,3.7,0.1,12.9,17.6,30.6,0.116,,1
8/2/2018,11:00 PM,2.8,0,14,11.9,26,0.099,,6
8/2/2018,24:00 AM,15,-0.2,1.3,0.8,2.2,0.084,,5
8/3/2018,1:00 AM,,,,,,,,2
8/3/2018,2:00 AM,14.8,-0.3,1.3,0.3,1.7,0.089,,2
8/3/2018,3:00 AM,17.2,-0.2,0.8,0.2,1.1,0.088,,1
8/3/2018,4:00 AM,15.4,-0.2,1.8,0.3,2.2,0.09,,0
8/3/2018,5:00 AM,13.6,-0.2,3,0.8,3.8,0.08,,2
8/3/2018,6:00 AM,6.3,0,10,6.4,16.4,0.154,,1
8/3/2018,7:00 AM,6.2,0.1,12.3,11.5,23.8,0.189,,2
8/3/2018,8:00 AM,11.8,0,8.3,6.8,15.2,0.176,,7
8/3/2018,9:00 AM,12.4,0.2,7.4,7.7,15.2,0.17,,7
8/3/2018,10:00 AM,16.8,0.2,5.3,6.3,11.6,0.145,,6
8/3/2018,11:00 AM,18.6,0,4.5,5.2,9.7,0.139,,6
8/3/2018,12:00 PM,21.7,0,2.5,4.3,6.8,0.128,,5
8/3/2018,1:00 PM,20.8,0,2.6,5,7.6,0.126,,8
8/3/2018,2:00 PM,21.4,0,2,3.6,5.7,0.126,,7
8/3/2018,3:00 PM,22,0,2.7,4.1,6.8,0.123,,8
8/3/2018,4:00 PM,19,0,4.3,6.2,10.5,0.129,,9
8/3/2018,5:00 PM,20.4,-0.1,0.7,2.4,3.2,0.109,,7
8/3/2018,6:00 PM,18.1,-0.1,1.3,2.5,3.8,0.094,,3
8/3/2018,7:00 PM,18.9,-0.1,0.9,1.5,2.5,0.095,,0
8/3/2018,8:00 PM,18.1,-0.1,2.8,1.6,4.4,0.11,,5
8/3/2018,9:00 PM,16.4,-0.2,2.3,1.1,3.5,0.103,,5
8/3/2018,10:00 PM,12.9,-0.2,3.2,1.3,4.5,0.098,,2
8/3/2018,11:00 PM,12.5,-0.2,1.3,0.9,2.2,0.082,,3
8/3/2018,24:00 AM,,,,,,,,4
8/4/2018,1:00 AM,10.9,-0.2,1.1,0.5,1.7,0.076,,6
8/4/2018,2:00 AM,9.7,-0.2,1.6,0.5,2.2,0.073,,5
8/4/2018,3:00 AM,8.5,-0.2,1.8,0.4,2.2,0.068,,3
8/4/2018,4:00 AM,7.6,-0.2,1.4,0.5,1.9,0.077,,2
8/4/2018,5:00 AM,6.8,-0.2,2,0.6,2.6,0.107,,2
8/4/2018,6:00 AM,3.8,-0.1,4.6,4,8.7,0.144,,5
8/4/2018,7:00 AM,6,0,4,8.7,12.7,0.163,,4
8/4/2018,8:00 AM,10.9,0,1.4,4.1,5.6,0.136,,7
8/4/2018,9:00 AM,11.5,0,0.6,3.4,4,0.125,,5
8/4/2018,10:00 AM,11.8,0,1,4.6,5.7,0.118,,0
8/4/2018,11:00 AM,12.7,0.1,2.3,6.3,8.7,0.134,,3
8/4/2018,12:00 PM,14.2,0,2.7,6.6,9.4,0.132,,4
8/4/2018,1:00 PM,19.9,0.4,3.7,5.8,9.6,0.156,,7
8/4/2018,2:00 PM,28.5,0.7,1.8,2.3,4.2,0.135,,7
8/4/2018,3:00 PM,31.5,1,3.1,2.6,5.7,0.146,,8
8/4/2018,4:00 PM,31.3,0.2,2.2,2.1,4.4,0.14,,5
8/4/2018,5:00 PM,25.6,0,5.9,4.6,10.6,0.139,,3
8/4/2018,6:00 PM,18.6,0.4,12.3,28.6,41,0.12,,8
8/4/2018,7:00 PM,6.8,1.7,21.3,46.7,68.1,0.154,,9
8/4/2018,8:00 PM,15.8,0,7.2,0.9,8.2,0.144,,9
8/4/2018,9:00 PM,9.8,0,11,5.2,16.3,0.135,,9
8/4/2018,10:00 PM,1.7,0.8,20.1,37.2,57.4,0.101,,6
8/4/2018,11:00 PM,,,,,,,,7
8/4/2018,24:00 AM,5.1,0.3,14.3,12.3,26.6,0.074,,8
8/5/2018,1:00 AM,4.9,0,11.9,2.5,14.4,0.079,,7
8/5/2018,2:00 AM,1.5,0.2,16,14.1,30.1,0.091,,9
8/5/2018,3:00 AM,2.6,0,12.7,8,20.8,0.079,,6
8/5/2018,4:00 AM,4.5,-0.2,8.9,0.6,9.6,0.077,,4
8/5/2018,5:00 AM,3.9,-0.2,9.5,0.6,10.1,0.088,,7
8/5/2018,6:00 AM,7.6,-0.2,5.2,1.5,6.8,0.095,,5
8/5/2018,7:00 AM,9.1,-0.1,3.1,3.3,6.4,0.103,,3
8/5/2018,8:00 AM,9.7,0,3.2,6.2,9.4,0.106,,6
8/5/2018,9:00 AM,12.1,0,2.7,5.8,8.6,0.125,,4
8/5/2018,10:00 AM,13.7,0,2.7,6.1,8.9,0.129,,6
8/5/2018,11:00 AM,13.5,0.1,4.5,9.1,13.7,0.11,,5
8/5/2018,12:00 PM,18.1,0.2,4.4,6.5,10.9,0.145,,8
8/5/2018,1:00 PM,27,0.1,2.6,2.9,5.5,0.138,,7
8/5/2018,2:00 PM,33.7,0.2,1,1.2,2.2,0.117,,7
8/5/2018,3:00 PM,33.3,0.6,1.8,1.5,3.4,0.126,,6
8/5/2018,4:00 PM,28.1,0.2,1.7,1.8,3.6,0.147,,6
8/5/2018,5:00 PM,23.9,0,2.1,2.2,4.3,0.135,,9
8/5/2018,6:00 PM,20.5,0,3.1,2.2,5.3,0.128,,7
8/5/2018,7:00 PM,16.2,-0.1,4.6,1.7,6.3,0.127,,4
8/5/2018,8:00 PM,12,-0.1,7.5,1.4,8.9,0.185,,11
8/5/2018,9:00 PM,13.9,-0.1,4.8,0.8,5.7,0.166,,9
8/5/2018,10:00 PM,,,,,,,,6
8/5/2018,11:00 PM,12.2,-0.2,6,0.5,6.5,0.133,,5
8/5/2018,24:00 AM,6.2,-0.2,11.3,0.7,12.1,0.166,,5
8/6/2018,1:00 AM,10,-0.2,5.5,0.3,5.9,0.129,,6
8/6/2018,2:00 AM,10.3,-0.2,3.5,0,3.6,0.124,,5
8/6/2018,3:00 AM,9.2,-0.2,3.4,0.3,3.8,0.112,,4
8/6/2018,4:00 AM,9.1,-0.2,3,0.3,3.3,0.093,,5
8/6/2018,5:00 AM,8.1,-0.2,3,0.2,3.3,0.076,,7
8/6/2018,6:00 AM,7,-0.2,4.2,1.4,5.6,0.106,,6
8/6/2018,7:00 AM,7.3,-0.1,4.7,5.3,10,0.126,,6
8/6/2018,8:00 AM,11.9,-0.1,3.8,5.4,9.2,0.141,,5
8/6/2018,9:00 AM,18.2,-0.1,2.5,3.3,5.9,0.123,,6
8/6/2018,10:00 AM,18.3,-0.1,2.4,3.9,6.3,0.118,,6
8/6/2018,11:00 AM,20.5,-0.1,2.4,3.6,6,0.104,,6
8/6/2018,12:00 PM,20.8,0,2,2.8,4.8,0.105,,4
8/6/2018,1:00 PM,21.7,0,1,2.5,3.5,0.113,,2
8/6/2018,2:00 PM,24.4,0,1.5,2.3,3.8,0.124,,3
8/6/2018,3:00 PM,21.1,0,2.8,3.7,6.6,0.116,,5
8/6/2018,4:00 PM,24.4,-0.1,1.3,1.8,3.2,0.102,,6
8/6/2018,5:00 PM,25.4,-0.1,3.1,2.9,6,0.165,,7
8/6/2018,6:00 PM,22.9,-0.1,3.8,2.4,6.2,0.154,,5
8/6/2018,7:00 PM,8.6,0,17.7,11.9,29.7,0.169,,4
8/6/2018,8:00 PM,9.1,-0.1,19.7,4.3,24.1,0.178,,5
8/6/2018,9:00 PM,,,,,,,,5
8/6/2018,10:00 PM,20.4,-0.2,9,0.8,9.8,0.133,,6
8/6/2018,11:00 PM,17.4,-0.1,12.1,2.8,15,0.134,,4
8/6/2018,24:00 AM,17.6,-0.1,10.2,3,13.3,0.136,,8
8/7/2018,1:00 AM,22.8,-0.2,-0.9,0.3,-0.6,0.115,,8
8/7/2018,2:00 AM,19.3,-0.2,0.1,0.3,0.5,0.12,,8
8/7/2018,3:00 AM,17.1,-0.2,0.9,0.3,1.2,0.126,,5
8/7/2018,4:00 AM,13.6,-0.2,2.8,0.2,3.1,0.146,,5
8/7/2018,5:00 AM,12.4,-0.2,2.3,0.2,2.5,0.072,,6
8/7/2018,6:00 AM,9.2,-0.2,5.3,1.5,6.8,0.085,,8
8/7/2018,7:00 AM,8.7,0,6.1,5.5,11.7,0.164,,9
8/7/2018,8:00 AM,10.4,0,7.3,9,16.4,0.169,,9
8/7/2018,9:00 AM,11.6,0,5.8,9.6,15.5,0.138,,6
8/7/2018,10:00 AM,13.9,0.1,8.7,12.6,21.4,0.19,,7
8/7/2018,11:00 AM,19.1,0.2,10.4,11.5,21.9,0.212,,9
8/7/2018,12:00 PM,26.7,0.1,6.1,5.3,11.4,0.161,,10
8/7/2018,1:00 PM,30.5,0.4,6.4,4.6,11.1,0.154,,7
8/7/2018,2:00 PM,34.8,0.1,6.4,4.4,10.9,0.148,,7
8/7/2018,3:00 PM,39.5,0.2,7.4,3.7,11.1,0.183,,15
8/7/2018,4:00 PM,40.8,0.3,5.4,2.5,7.9,0.178,,11
8/7/2018,5:00 PM,43.2,0.4,9.3,3,12.3,0.235,,12
8/7/2018,6:00 PM,35.4,0.3,6.9,2.1,9,0.227,,10
8/7/2018,7:00 PM,25.2,0.1,6.7,1.8,8.5,0.189,,8
8/7/2018,8:00 PM,,,,,,,,7
8/7/2018,9:00 PM,24.2,0,4.7,0.1,4.9,0.187,,8
8/7/2018,10:00 PM,22.3,0,4.9,0.2,5.2,0.176,,8
8/7/2018,11:00 PM,21.2,0,4.7,0.3,5,0.15,,8
8/7/2018,24:00 AM,16.2,-0.1,4.7,0.3,5,0.147,,9
8/8/2018,1:00 AM,10.5,-0.1,8.7,0.3,9,0.171,,6
8/8/2018,2:00 AM,7.8,0,8.5,0.4,9,0.179,,6
8/8/2018,3:00 AM,9,-0.1,6.3,0.4,6.7,0.169,,12
8/8/2018,4:00 AM,8.9,-0.1,6.2,0.5,6.8,0.164,,8
8/8/2018,5:00 AM,6.8,-0.1,7.5,1.1,8.7,0.107,,10
8/8/2018,6:00 AM,7,0,8.3,9.7,18.1,0.143,,6
8/8/2018,7:00 AM,4.4,0.5,15.2,28.4,43.7,0.251,,9
8/8/2018,8:00 AM,7.2,0.6,18.3,31.6,50,0.365,,13
8/8/2018,9:00 AM,10.2,0.8,21.4,28.7,50.1,0.385,,16
8/8/2018,10:00 AM,12.4,1.7,14.8,20.7,35.6,0.23,,14
8/8/2018,11:00 AM,19.9,0.4,12.2,12.2,24.5,0.187,,10
8/8/2018,12:00 PM,22.9,0.3,10.7,8.7,19.4,0.203,,10
8/8/2018,1:00 PM,26.7,0.3,10.2,7.8,18,0.189,,8
8/8/2018,2:00 PM,29.2,0.3,11.7,7.6,19.4,0.191,,7
8/8/2018,3:00 PM,36,0.4,10.8,5.1,15.9,0.181,,8
8/8/2018,4:00 PM,48.6,0.3,5.3,1.7,7.1,0.143,,9
8/8/2018,5:00 PM,45.9,0.2,7.7,2,9.7,0.174,,8
8/8/2018,6:00 PM,41.6,0.3,11,2.1,13.1,0.223,,15
8/8/2018,7:00 PM,,,,,,,,10
8/8/2018,8:00 PM,29.4,0.2,7,0.8,7.8,0.157,,12
8/8/2018,9:00 PM,22.7,0,6.2,0.3,6.5,0.129,,9
8/8/2018,10:00 PM,22.9,0.2,6.1,0.3,6.5,0.098,,13
8/8/2018,11:00 PM,23.9,0,6.8,0.1,7,0.076,,10
8/8/2018,24:00 AM,27.1,0,1.1,0.1,1.2,0.053,,12
8/9/2018,1:00 AM,26.2,0,0.3,0,0.4,0.035,,9
8/9/2018,2:00 AM,23,-0.1,0,0.2,0.3,0.03,,7
8/9/2018,3:00 AM,16.9,-0.2,2.3,0.2,2.5,0.07,,9
8/9/2018,4:00 AM,12.9,-0.2,4.9,0.6,5.5,0.064,,8
8/9/2018,5:00 AM,11.4,-0.1,4.7,1.6,6.3,0.08,,6
8/9/2018,6:00 AM,6.2,0.3,10.6,6.2,16.9,0.132,,5
8/9/2018,7:00 AM,6.1,0.5,12,16.5,28.6,0.207,,9
8/9/2018,8:00 AM,7.3,0.4,12,29.4,41.5,0.216,,7
8/9/2018,9:00 AM,8.4,0.7,12.4,26.5,39,0.255,,14
8/9/2018,10:00 AM,7.7,1.4,12,42.4,54.5,0.183,,12
8/9/2018,11:00 AM,8.3,1.9,13.2,35.6,48.8,0.208,,9
8/9/2018,12:00 PM,11.5,4.2,10.8,19.3,30.1,0.227,,11
8/9/2018,1:00 PM,14.3,0.9,8.3,12.4,20.8,0.216,,9
8/9/2018,2:00 PM,15.1,0.9,9.2,12.9,22.2,0.213,,8
8/9/2018,3:00 PM,16.3,0.3,8.6,10.8,19.4,0.22,,7
8/9/2018,4:00 PM,18.5,0,3.9,4.6,8.6,0.16,,11
8/9/2018,5:00 PM,5.4,2.1,21,113.1,134.1,0.295,,9
8/9/2018,6:00 PM,,,,,,,,11
8/9/2018,7:00 PM,2.7,0.7,18.2,41.9,60.1,0.278,,8
8/9/2018,8:00 PM,1.4,0.6,19.2,37.2,56.5,0.278,,7
8/9/2018,9:00 PM,3,0.4,18.1,23.4,41.6,0.273,,6
8/9/2018,10:00 PM,1.4,0.6,20.8,39.9,60.7,0.281,,11
8/9/2018,11:00 PM,4.8,0,13.8,6.2,20,0.266,,9
8/9/2018,24:00 AM,7.3,-0.1,9.4,0.5,10,0.26,,6
8/10/2018,1:00 AM,10.9,-0.1,5.6,0.5,6.2,0.215,,4
8/10/2018,2:00 AM,5,-0.1,10,0.5,10.5,0.256,,6
8/10/2018,3:00 AM,2.1,0,11.9,2.2,14.2,0.282,,5
8/10/2018,4:00 AM,1.6,0,12.6,4,16.7,0.29,,4
8/10/2018,5:00 AM,1.8,0.1,11.4,12,23.5,0.241,,8
8/10/2018,6:00 AM,1.8,0.7,13.8,41.2,55,0.39,,9
8/10/2018,7:00 AM,2.9,0.4,15.7,29.7,45.5,0.426,,8
8/10/2018,8:00 AM,3.5,1.7,24,57.8,81.9,0.527,,14
8/10/2018,9:00 AM,5.2,2.7,25.2,50.2,75.5,0.391,,20
8/10/2018,10:00 AM,9.5,4.2,20.3,24.3,44.7,0.276,,13
8/10/2018,11:00 AM,19.7,1.2,11.1,11.8,23,0.191,,15
8/10/2018,12:00 PM,17,0.7,13.6,17.2,30.8,0.211,,12
8/10/2018,1:00 PM,25.4,0.3,9.1,7.2,16.3,0.215,,14
8/10/2018,2:00 PM,17.6,0.2,6.8,8,14.8,0.198,,11
8/10/2018,3:00 PM,13.5,0.1,6.6,11.3,18,0.158,,8
8/10/2018,4:00 PM,15.5,0,3.5,5.7,9.2,0.171,,7
8/10/2018,5:00 PM,,,,,,,,6
8/10/2018,6:00 PM,12.4,0.1,3.5,6.4,10,0.113,,6
8/10/2018,7:00 PM,12,-0.1,1.9,2.3,4.3,0.098,,5
8/10/2018,8:00 PM,5.3,0.1,7.4,14.3,21.8,0.105,,5
8/10/2018,9:00 PM,9.3,0,3.4,6.7,10.2,0.084,,2
8/10/2018,10:00 PM,6.5,0,5.5,16.7,22.2,0.085,,0
8/10/2018,11:00 PM,10.8,0,1.4,3.4,4.8,0.08,,6
8/10/2018,24:00 AM,12.3,-0.2,-0.6,0.8,0.1,0.075,,5
8/11/2018,1:00 AM,13.2,-0.2,-1.3,0.5,-0.8,0.07,,2
8/11/2018,2:00 AM,13.1,-0.2,-1,0.3,-0.6,0.071,,4
8/11/2018,3:00 AM,12.9,-0.2,-0.9,0.5,-0.4,0.071,,5
8/11/2018,4:00 AM,16.6,-0.2,-1.4,0.3,-1.1,0.068,,5
8/11/2018,5:00 AM,17.1,-0.2,-1.2,0.6,-0.5,0.071,,2
8/11/2018,6:00 AM,16.6,-0.2,0.3,1,1.3,0.081,,0
8/11/2018,7:00 AM,16.1,-0.2,0.7,1.9,2.7,0.09,,1
8/11/2018,8:00 AM,14.7,-0.1,1.2,2.4,3.6,0.093,,1
8/11/2018,9:00 AM,14.2,-0.2,1.1,3.3,4.4,0.093,,0
8/11/2018,10:00 AM,14.5,-0.1,1.2,3.2,4.4,0.094,,5
8/11/2018,11:00 AM,17.2,-0.2,0.1,2.1,2.3,0.084,,5
8/11/2018,12:00 PM,13.2,-0.1,3.4,4.7,8.1,0.13,,6
8/11/2018,1:00 PM,11.9,-0.1,4.5,4,8.6,0.16,,6
8/11/2018,2:00 PM,12.8,-0.1,3.7,4.5,8.3,0.163,,5
8/11/2018,3:00 PM,15.7,-0.1,1.1,3.1,4.3,0.134,,4
8/11/2018,4:00 PM,,,,,,,,4
8/11/2018,5:00 PM,10.2,0,7.4,11,18.5,0.126,,4
8/11/2018,6:00 PM,2.9,1.1,17.3,53.3,70.7,0.146,,4
8/11/2018,7:00 PM,2.2,1.1,16.2,43.9,60.2,0.112,,7
8/11/2018,8:00 PM,7.5,0.4,10.3,10.5,20.8,0.117,,9
8/11/2018,9:00 PM,11.9,-0.1,3.9,2.6,6.6,0.094,,5
8/11/2018,10:00 PM,2.9,0.2,15.2,16.8,32,0.115,,6
8/11/2018,11:00 PM,1.5,0.3,16.7,23.3,40,0.117,,5
8/11/2018,24:00 AM,7.6,0.9,13.8,35.1,49,0.09,,8
8/12/2018,1:00 AM,19.3,-0.1,0.2,0.4,0.7,0.085,,6
8/12/2018,2:00 AM,19,-0.2,0.4,0.2,0.7,0.087,,4
8/12/2018,3:00 AM,19.5,-0.2,0,0.2,0.3,0.083,,5
8/12/2018,4:00 AM,20,-0.2,-1.4,0.2,-1.1,0.075,,3
8/12/2018,5:00 AM,15.8,-0.2,0.3,0.3,0.6,0.101,,2
8/12/2018,6:00 AM,12,-0.2,3.8,1.4,5.3,0.102,,4
8/12/2018,7:00 AM,5.2,0,12.9,10.4,23.3,0.121,,7
8/12/2018,8:00 AM,12.5,0,6.4,4.1,10.5,0.13,,4
8/12/2018,9:00 AM,16.4,-0.1,3,2.1,5.2,0.16,,3
8/12/2018,10:00 AM,10.5,0,10,7.3,17.3,0.185,,5
8/12/2018,11:00 AM,11.2,0,10.2,9.2,19.5,0.184,,6
8/12/2018,12:00 PM,9.4,0.2,14.9,15.1,30.1,0.183,,11
8/12/2018,1:00 PM,19.5,-0.1,4.1,3.2,7.4,0.188,,10
8/12/2018,2:00 PM,18.9,-0.1,3.6,3.2,6.8,0.176,,6
8/12/2018,3:00 PM,,,,,,,,6
8/12/2018,4:00 PM,16.9,-0.1,3.6,3.3,6.9,0.195,,6
8/12/2018,5:00 PM,11.7,0.5,8.6,15.8,24.5,0.137,,5
8/12/2018,6:00 PM,15.8,0,3,3.5,6.6,0.12,,2
8/12/2018,7:00 PM,13.1,0,9.1,8.6,17.8,0.132,,2
8/12/2018,8:00 PM,4.4,1.3,21.3,51.6,73,0.152,,10
8/12/2018,9:00 PM,1.4,1.3,23.1,41.8,64.9,0.176,,10
8/12/2018,10:00 PM,1.3,0.7,21.6,20.8,42.5,0.161,,8
8/12/2018,11:00 PM,4.4,0.1,14.9,5.1,20,0.146,,11
8/12/2018,24:00 AM,1.6,0.1,16.3,11.8,28.2,0.188,,8
8/13/2018,1:00 AM,1.4,0.2,13.9,15.8,29.8,0.239,,9
8/13/2018,2:00 AM,1.5,0,10.9,6.9,17.9,0.211,,12
8/13/2018,3:00 AM,1.3,0,9.4,8.5,18,0.206,,10
8/13/2018,4:00 AM,1.6,0,9.3,8,17.4,0.194,,7
8/13/2018,5:00 AM,1.5,0,9.6,7.1,16.8,0.187,,5
8/13/2018,6:00 AM,3.3,0,7.5,7.6,15.2,0.184,,6
8/13/2018,7:00 AM,1.8,0.7,10.5,48.4,58.9,0.49,,9
8/13/2018,8:00 AM,2.8,1.7,17.2,69,86.2,0.501,,18
8/13/2018,9:00 AM,16.1,0.4,2,2.6,4.6,0.214,,18
8/13/2018,10:00 AM,19.3,0,0.2,0.9,1.1,0.215,,22
8/13/2018,11:00 AM,22.1,0,0.2,1.1,1.3,0.228,,23
8/13/2018,12:00 PM,24.6,0.1,0.7,1.4,2.2,0.226,,27
8/13/2018,1:00 PM,26.7,0,0.1,0.8,0.9,0.226,,29
8/13/2018,2:00 PM,,,,,,,,33
8/13/2018,3:00 PM,30.1,0,0.3,0.5,0.8,0.232,,30
8/13/2018,4:00 PM,22.4,0,8,4.1,12.2,0.311,,33
8/13/2018,5:00 PM,18.3,0.1,13.5,5,18.5,0.364,,25
8/13/2018,6:00 PM,21.9,0,9.9,2.1,12,0.336,,27
8/13/2018,7:00 PM,13.5,0,18,3.5,21.6,0.319,,31
8/13/2018,8:00 PM,20.3,0,11.7,1.2,12.9,0.293,,30
8/13/2018,9:00 PM,21.5,0.3,9.3,0.4,9.8,0.311,,32
8/13/2018,10:00 PM,19.4,0.2,10.1,0.3,10.5,0.301,,34
8/13/2018,11:00 PM,14,0.3,14.4,0.3,14.8,0.314,,28
8/13/2018,24:00 AM,6.8,0,19.1,0.5,19.6,0.364,,32
8/14/2018,1:00 AM,6.7,-0.1,14.1,0.5,14.6,0.337,,33
8/14/2018,2:00 AM,4.8,-0.1,11.3,0.6,12,0.343,,31
8/14/2018,3:00 AM,6,-0.1,8.3,0.3,8.6,0.319,,31
8/14/2018,4:00 AM,2.7,-0.1,9.4,1.5,10.9,0.338,,30
8/14/2018,5:00 AM,2.2,0,10.4,5.4,15.8,0.411,,33
8/14/2018,6:00 AM,1.6,0.5,13.6,37.3,51,0.493,,32
8/14/2018,7:00 AM,1.9,0.8,14.6,46.1,60.7,0.64,,37
8/14/2018,8:00 AM,3.6,1.1,19.2,38.9,58.2,0.679,,43
8/14/2018,9:00 AM,18.7,0.7,7.9,8.3,16.3,0.497,,56
8/14/2018,10:00 AM,26.5,1,1.2,1.7,3,0.375,,53
8/14/2018,11:00 AM,25.4,0.1,0.5,1.1,1.7,0.313,,42
8/14/2018,12:00 PM,26.4,0.1,1.2,1.1,2.3,0.3,,45
8/14/2018,1:00 PM,,,,,,,,35
8/14/2018,2:00 PM,32.6,0,0.2,0.8,1,0.382,,53
8/14/2018,3:00 PM,28.8,0,8.5,4.8,13.3,0.407,,56
8/14/2018,4:00 PM,31.5,0,10,3.7,13.8,0.429,,46
8/14/2018,5:00 PM,38,0.2,9,2.1,11.1,0.508,,53
8/14/2018,6:00 PM,42.1,0.2,8.8,0.9,9.7,0.511,,60
8/14/2018,7:00 PM,35.3,0.1,12.8,0.7,13.5,0.52,,58
8/14/2018,8:00 PM,29.9,0.1,21.4,0.9,22.3,0.566,,60
8/14/2018,9:00 PM,35.9,0.1,15.6,0.1,15.7,0.559,,63
8/14/2018,10:00 PM,24.8,0,20.6,0.5,21.2,0.655,,71
8/14/2018,11:00 PM,23.2,0,17.3,0.2,17.5,0.65,,66
8/14/2018,24:00 AM,15.7,0,18.3,0.1,18.4,0.66,,67
8/15/2018,1:00 AM,17,0,11.7,0.1,11.9,0.606,,61
8/15/2018,2:00 AM,7.7,0,15.5,0.5,16,0.615,,62
8/15/2018,3:00 AM,8.1,-0.1,13.3,0.4,13.7,0.591,,63
8/15/2018,4:00 AM,4.8,0,16.7,2.1,18.9,0.567,,60
8/15/2018,5:00 AM,3,0,18.8,1.3,20.2,0.527,,57
8/15/2018,6:00 AM,4.1,0,15.9,4.1,20,0.564,,60
8/15/2018,7:00 AM,4.5,0.2,16.9,16.3,33.2,0.7,,59
8/15/2018,8:00 AM,7.1,0.4,20.2,21.2,41.5,0.784,,57
8/15/2018,9:00 AM,18.8,0.1,8.6,5,13.6,0.342,,36
8/15/2018,10:00 AM,17.9,0.3,10.2,14.8,25.1,0.313,,23
8/15/2018,11:00 AM,10.5,1.1,20.5,28.2,48.8,0.513,,61
8/15/2018,12:00 PM,,,,,,,,56
8/15/2018,1:00 PM,24.7,0.4,14.2,7.2,21.5,0.404,,43
8/15/2018,2:00 PM,24.9,0.6,10.4,6,16.5,0.273,,22
8/15/2018,3:00 PM,30.3,0.6,11.4,4.8,16.2,0.291,,23
8/15/2018,4:00 PM,29.4,0.1,9.9,3.2,13.1,0.335,,29
8/15/2018,5:00 PM,30.5,0,7.1,2,9.1,0.358,,32
8/15/2018,6:00 PM,23.2,0,9.4,2.5,11.9,0.378,,42
8/15/2018,7:00 PM,18.4,0,9.7,2.4,12.1,0.319,,35
8/15/2018,8:00 PM,17.4,-0.1,8.3,1.5,9.9,0.326,,20
8/15/2018,9:00 PM,23,-0.1,7.7,0.5,8.2,0.441,,42
8/15/2018,10:00 PM,28.5,0,5.1,0.2,5.4,0.479,,57
8/15/2018,11:00 PM,27.4,-0.1,4.7,0.1,4.9,0.439,,48
8/15/2018,24:00 AM,26.8,-0.1,3.6,0.1,3.8,0.416,,46
8/16/2018,1:00 AM,19.9,-0.1,4.8,0.3,5.1,0.402,,43
8/16/2018,2:00 AM,14.2,-0.1,4.9,0.1,5,0.381,,42
8/16/2018,3:00 AM,16.5,-0.2,3.1,0.1,3.3,0.36,,32
8/16/2018,4:00 AM,13.5,-0.1,3.9,0.2,4.2,0.36,,36
8/16/2018,5:00 AM,12.2,-0.1,4.1,0.8,5,0.253,,28
8/16/2018,6:00 AM,5.2,0,13.5,9.7,23.2,0.265,,17
8/16/2018,7:00 AM,5.3,0.2,12.2,13.4,25.6,0.345,,21
8/16/2018,8:00 AM,8.1,0.1,10.8,12.5,23.3,0.366,,21
8/16/2018,9:00 AM,7.7,0.7,15.8,35.8,51.6,0.262,,17
8/16/2018,10:00 AM,8.2,3,17.4,41.8,59.3,0.223,,13
8/16/2018,11:00 AM,,,,,,,,13
8/16/2018,12:00 PM,19.2,0.3,8.1,12.8,21,0.165,,14
8/16/2018,1:00 PM,16.5,0.1,9.1,14.3,23.5,0.171,,10
8/16/2018,2:00 PM,22.2,0.1,7.2,9.9,17.1,0.208,,22
8/16/2018,3:00 PM,24.1,0,6.4,5.9,12.3,0.228,,23
8/16/2018,4:00 PM,22.4,0,7.8,7.4,15.2,0.195,,18
8/16/2018,5:00 PM,8.8,0.5,22.5,35.5,58,0.214,,23
8/16/2018,6:00 PM,17.3,0.1,13.5,13,26.6,0.221,,23
8/16/2018,7:00 PM,24.7,0,4.9,1.5,6.5,0.243,,19
8/16/2018,8:00 PM,27.1,-0.1,5.4,1,6.5,0.328,,35
8/16/2018,9:00 PM,29.8,0,4,0.3,4.3,0.341,,45
8/16/2018,10:00 PM,28.5,-0.1,2.5,0.4,3,0.245,,39
8/16/2018,11:00 PM,25.7,-0.1,2.6,0.4,3.1,0.223,,24
8/16/2018,24:00 AM,24.8,-0.1,3.4,0.1,3.5,0.229,,25
8/17/2018,1:00 AM,25.6,-0.2,1.6,0,1.6,0.201,,24
8/17/2018,2:00 AM,20.4,-0.2,4.6,0.1,4.8,0.184,,19
8/17/2018,3:00 AM,19.3,-0.2,2.9,0.1,3,0.171,,17
8/17/2018,4:00 AM,17.2,-0.2,2,0.1,2.2,0.171,,15
8/17/2018,5:00 AM,8.2,-0.1,10.5,1.1,11.6,0.181,,14
8/17/2018,6:00 AM,5.3,-0.1,9.4,5,14.4,0.238,,17
8/17/2018,7:00 AM,10.5,0,8.7,6,14.7,0.221,,12
8/17/2018,8:00 AM,11.9,0.1,10.9,11.4,22.4,0.275,,16
8/17/2018,9:00 AM,17.2,0,5.8,6.3,12.2,0.237,,17
8/17/2018,10:00 AM,,,,,,,,14
8/17/2018,11:00 AM,21.9,0,4.6,5.3,9.9,0.139,,14
8/17/2018,12:00 PM,25,-0.1,2.2,3.3,5.6,0.139,,14
8/17/2018,1:00 PM,29.5,-0.1,1.2,1.8,3,0.132,,13
8/17/2018,2:00 PM,29.3,-0.1,2,2.2,4.3,0.16,,13
8/17/2018,3:00 PM,29.2,0,5,4.3,9.4,0.183,,17
8/17/2018,4:00 PM,28.3,0,4.3,3.2,7.5,0.192,,16
8/17/2018,5:00 PM,21.1,0,9.8,6.1,15.9,0.236,,21
8/17/2018,6:00 PM,23.4,0,12.1,4.3,16.4,0.236,,19
8/17/2018,7:00 PM,2.6,2.4,39,99.1,138.1,0.236,,31
8/17/2018,8:00 PM,6.4,0.6,27.1,29.1,56.3,0.282,,31
8/17/2018,9:00 PM,1.8,0.5,31.1,27.3,58.5,0.3,,36
8/17/2018,10:00 PM,11.1,0.6,21.8,29.4,51.2,0.28,,35
8/17/2018,11:00 PM,15.4,-0.1,12.3,0.6,13,0.25,,33
8/17/2018,24:00 AM,12.7,-0.1,13.4,0.2,13.7,0.263,,30
8/18/2018,1:00 AM,13.2,-0.2,8.2,0.1,8.3,0.266,,32
8/18/2018,2:00 AM,6.2,-0.2,13,1.1,14.2,0.278,,30
8/18/2018,3:00 AM,3.1,-0.2,14.9,1.2,16.2,0.284,,27
8/18/2018,4:00 AM,2.3,-0.1,13.2,1.9,15.1,0.271,,26
8/18/2018,5:00 AM,4.2,-0.1,10.8,1.3,12.1,0.227,,24
8/18/2018,6:00 AM,5.4,-0.1,9.4,2.1,11.5,0.244,,28
8/18/2018,7:00 AM,4.4,0.2,12.7,21.2,34,0.341,,28
8/18/2018,8:00 AM,11.1,0.1,11.8,12.5,24.3,0.331,,31
8/18/2018,9:00 AM,,,,,,,,13
8/18/2018,10:00 AM,23,0,2.6,3,5.6,0.127,,8
8/18/2018,11:00 AM,25.5,0,2.1,2.9,5.1,0.109,,8
8/18/2018,12:00 PM,28.1,-0.1,-0.3,0.7,0.4,0.08,,8
8/18/2018,1:00 PM,28.3,-0.1,0,0.8,0.9,0.079,,5
8/18/2018,2:00 PM,25.3,0,3.8,4.4,8.2,0.161,,9
8/18/2018,3:00 PM,20.7,0.1,10.3,7.8,18.1,0.196,,12
8/18/2018,4:00 PM,24.1,0.1,9,4.5,13.6,0.169,,12
8/18/2018,5:00 PM,19.7,0.1,16.4,7.4,23.8,0.232,,13
8/18/2018,6:00 PM,7.4,1.4,31.4,36.1,67.6,0.235,,15
8/18/2018,7:00 PM,7,0.9,31.7,21.7,53.4,0.239,,16
8/18/2018,8:00 PM,1.4,1.5,38,49.4,87.5,0.295,,21
8/18/2018,9:00 PM,1.4,2,37.7,77.9,115.6,0.32,,23
8/18/2018,10:00 PM,8.7,0.5,23.3,9.8,33.2,0.324,,20
8/18/2018,11:00 PM,3.4,0,25.9,3,29,0.326,,19
8/18/2018,24:00 AM,1.5,0.1,24.2,10.5,34.8,0.335,,21
8/19/2018,1:00 AM,2.1,0,25.5,6.1,31.7,0.259,,18
8/19/2018,2:00 AM,1.9,0,21.1,4.3,25.4,0.289,,19
8/19/2018,3:00 AM,1.5,0,19.3,3.2,22.6,0.261,,13
8/19/2018,4:00 AM,2.2,0,16.7,2.5,19.2,0.261,,9
8/19/2018,5:00 AM,3.1,0,13,1.6,14.6,0.257,,15
8/19/2018,6:00 AM,3.4,-0.1,13.7,2.4,16.1,0.24,,11
8/19/2018,7:00 AM,2.9,0,12.6,7,19.6,0.326,,10
8/19/2018,8:00 AM,,,,,,,,13
8/19/2018,9:00 AM,11.1,0.7,8.3,4.2,12.5,0.316,,11
8/19/2018,10:00 AM,19.6,1.8,2.4,1.2,3.6,0.214,,11
8/19/2018,11:00 AM,10.7,0.9,13.2,8.8,22.1,0.359,,13
8/19/2018,12:00 PM,14.5,0.5,11.7,7.5,19.2,0.302,,14
8/19/2018,1:00 PM,19.6,0.7,6.7,4.6,11.4,0.274,,17
8/19/2018,2:00 PM,14.9,0.7,10.9,8,18.9,0.295,,16
8/19/2018,3:00 PM,19.2,0.4,7.8,4.4,12.3,0.293,,18
8/19/2018,4:00 PM,22.5,0.4,8.1,3,11.1,0.298,,15
8/19/2018,5:00 PM,26.7,0.7,6.3,1.4,7.7,0.275,,17
8/19/2018,6:00 PM,19.2,0.6,11.7,1.6,13.4,0.317,,21
8/19/2018,7:00 PM,8.6,0.4,20.1,3.5,23.7,0.368,,20
8/19/2018,8:00 PM,10.7,0.2,16.9,3.1,20.1,0.327,,14
8/19/2018,9:00 PM,6.4,0.2,19.2,2.2,21.4,0.321,,15
8/19/2018,10:00 PM,4,0.1,20.5,1.4,22,0.359,,17
8/19/2018,11:00 PM,6.3,0,15.1,0.7,15.8,0.34,,17
8/19/2018,24:00 AM,16.4,0,4.5,0.3,4.8,0.242,,16
8/20/2018,1:00 AM,17.9,0,3.6,0.3,4,0.226,,17
8/20/2018,2:00 AM,11.7,-0.1,6,0.2,6.2,0.247,,17
8/20/2018,3:00 AM,8.1,-0.1,7.7,0.8,8.5,0.239,,14
8/20/2018,4:00 AM,7,-0.1,10,1,11,0.222,,13
8/20/2018,5:00 AM,3.4,0,12.9,2.5,15.5,0.259,,13
8/20/2018,6:00 AM,2.1,0,12.7,4.7,17.5,0.295,,14
8/20/2018,7:00 AM,,,,,,,,15
8/20/2018,8:00 AM,1.4,1.1,15.7,52.4,68.1,0.702,,30
8/20/2018,9:00 AM,4.2,1.3,18,26.6,44.7,0.649,,51
8/20/2018,10:00 AM,12.1,1.8,14.8,10,24.8,0.583,,67
8/20/2018,11:00 AM,18,3.3,14.4,8.4,22.9,0.646,,84
8/20/2018,12:00 PM,28.3,2.5,12,4.6,16.6,0.833,,112
8/20/2018,1:00 PM,34.9,2.9,16.3,5.6,21.9,0.985,,144
8/20/2018,2:00 PM,42.7,2,20.5,4.9,25.4,1.025,,141
8/20/2018,3:00 PM,44.5,1.3,22,4.7,26.7,0.974,,144
8/20/2018,4:00 PM,44.8,0.8,21.6,4.9,26.6,0.874,,116
8/20/2018,5:00 PM,48.9,0.6,18.9,1.9,20.9,0.813,,119
8/20/2018,6:00 PM,31.4,0.4,32.7,3.8,36.5,0.687,,104
8/20/2018,7:00 PM,31.2,0.3,33.2,1.2,34.4,0.662,,96
8/20/2018,8:00 PM,34,0.3,28.1,0.4,28.6,0.786,,108
8/20/2018,9:00 PM,5.2,0.6,53.4,11.6,65,1.097,,110
8/20/2018,10:00 PM,2,0.7,52.3,16.4,68.7,1.107,,113
8/20/2018,11:00 PM,3.1,0.4,47.5,7,54.5,1.07,,115
8/20/2018,24:00 AM,7.6,0.2,37.6,2.2,39.9,0.974,,116
8/21/2018,1:00 AM,8.2,0.2,30.3,0.4,30.8,0.916,,112
8/21/2018,2:00 AM,14.4,0.1,19.4,0.3,19.8,0.764,,109
8/21/2018,3:00 AM,23.6,0.1,12.7,0.3,13.1,0.702,,112
8/21/2018,4:00 AM,15.7,0,15,0.6,15.6,0.625,,102
8/21/2018,5:00 AM,3.8,0,25.7,2.8,28.6,0.566,,73
8/21/2018,6:00 AM,,,,,,,,77
8/21/2018,7:00 AM,2.5,0.7,32.3,37.2,69.6,0.901,,88
8/21/2018,8:00 AM,3.2,1.6,33.3,64.9,98.2,1.193,,92
8/21/2018,9:00 AM,22.3,0.5,17.3,6.9,24.3,0.877,,114
8/21/2018,10:00 AM,38.4,0.2,4.2,0.8,5,0.889,,136
8/21/2018,11:00 AM,46,0.2,3.8,0.5,4.4,0.828,,124
8/21/2018,12:00 PM,27.6,0.4,22,15.8,37.8,0.781,,101
8/21/2018,1:00 PM,12.8,1.2,30.4,29.8,60.3,0.787,,82
8/21/2018,2:00 PM,38.5,0.7,24.9,12.5,37.5,0.812,,98
8/21/2018,3:00 PM,38.8,0.5,28.8,9.2,38,0.898,,101
8/21/2018,4:00 PM,56.9,0.5,26.1,4.4,30.6,0.925,,115
8/21/2018,5:00 PM,67.3,0.4,16.2,1.5,17.7,0.842,,113
8/21/2018,6:00 PM,68.5,0.3,12.2,0.6,12.9,0.839,,107
8/21/2018,7:00 PM,58.5,1.3,21.6,0.3,22,0.888,,115
8/21/2018,8:00 PM,43,0.7,35.6,0.2,35.8,1.033,,120
8/21/2018,9:00 PM,23.2,1.2,47.1,1.3,48.5,1.08,,122
8/21/2018,10:00 PM,20.2,0.6,40.2,0.3,40.5,1.102,,120
8/21/2018,11:00 PM,22,0.5,31.7,0.3,32,1.051,,116
8/21/2018,24:00 AM,16.9,0.2,29.5,0.2,29.7,1.04,,116
8/22/2018,1:00 AM,37.9,0.1,14.5,0,14.6,0.853,,120
8/22/2018,2:00 AM,34.4,0.1,14,0,14,0.804,,108
8/22/2018,3:00 AM,16.5,0,22.7,0.1,22.9,0.851,,112
8/22/2018,4:00 AM,10,0,24.3,0.4,24.8,0.826,,110
8/22/2018,5:00 AM,,,,,,,,107
8/22/2018,6:00 AM,10.4,0,19.7,3.2,22.9,0.904,,108
8/22/2018,7:00 AM,3.8,0.9,29.8,55.4,85.2,1.379,,109
8/22/2018,8:00 AM,3.7,1.5,35.9,64.2,100.2,1.493,,108
8/22/2018,9:00 AM,9,1.3,39.1,42.6,81.7,1.171,,107
8/22/2018,10:00 AM,5.9,1.4,30.6,44.5,75.1,0.959,,
8/22/2018,11:00 AM,7.9,1,24.7,33.3,58.1,0.747,,
8/22/2018,12:00 PM,32.6,0.6,18.4,8.2,26.6,0.82,,93
8/22/2018,1:00 PM,57.7,0.4,8,1.3,9.3,0.911,,131
8/22/2018,2:00 PM,52.2,0.3,9.2,2.2,11.5,0.607,,74
8/22/2018,3:00 PM,50.9,0.3,13.9,2.8,16.8,0.756,,98
8/22/2018,4:00 PM,43,0.4,16.8,4.4,21.2,0.747,,95
8/22/2018,5:00 PM,21.6,0,11,3.7,14.7,0.457,,54
8/22/2018,6:00 PM,15.2,-0.1,8.9,2.1,11,0.498,,55
8/22/2018,7:00 PM,15.5,0.7,12.4,1.3,13.8,0.694,,87
8/22/2018,8:00 PM,23.2,0.3,13.9,0.8,14.7,1.362,,173
8/22/2018,9:00 PM,27,0.4,3.5,0.7,4.2,1.861,,298
8/22/2018,10:00 PM,25,0.2,1.5,0.1,1.7,0.989,,155
8/22/2018,11:00 PM,22.5,0,0.5,0.3,0.8,0.49,,76
8/22/2018,24:00 AM,21,-0.1,0.5,0.2,0.7,0.289,,41
